event,gender,clas_s,category,sub_category,wind,athlete,year,position,school,series,mark,points,note
3000 Meter,Girls,Open,Track Event,Middle Distance,,Shakera Nichol,25,,Albert Town High School,,,0,DNF
1500 Meter ,Boys,1,Track Event,Middle Distance,,Raheem Palmer,25,3,Alphansus Davis High School,,3:58.42X,6,
1500 Meter ,Girls,1,Track Event,Middle Distance,,Ameiah Samuel,25,7,Alphansus Davis High School,,4:52.75X,2,
1500 Meter ,Girls,1,Track Event,Middle Distance,,Allecia Johnson,25,12,Alphansus Davis High School,,5:47.65X,0,
1500 Meter ,Girls,2,Track Event,Middle Distance,,Alikay Reynolds,25,1,Alphansus Davis High School,,4:41.29X,9,
1500 Meter ,Girls,2,Track Event,Middle Distance,,Tabbrel Williams,25,7,Alphansus Davis High School,,4:56.34X,2,
200 Meter ,Girls,2,Track Event,Spints,-2.6,Shanika Lindsay,25,4,Alphansus Davis High School,,24.41X,5,
400 Meter ,Girls,2,Track Event,Spints,,Shanika Lindsay,25,5,Alphansus Davis High School,,55.09X,4,
800 Meter ,Boys,1,Track Event,Middle Distance,,Raheem Palmer,25,3,Alphansus Davis High School,,1:51.88X,6,
800 Meter ,Boys,3,Track Event,Middle Distance,,Tavaine Robinsons,25,7,Alphansus Davis High School,,2:09.75X,2,
800 Meter ,Girls,1,Track Event,Middle Distance,,Ameiah Samuel,25,5,Alphansus Davis High School,,2:19.03X,4,
800 Meter ,Girls,2,Track Event,Middle Distance,,Alikay Reynolds,25,1,Alphansus Davis High School,,2:11.58X,9,
800 Meter ,Girls,2,Track Event,Middle Distance,,Tabbrel Williams,25,5,Alphansus Davis High School,,2:16.15X,4,
High Jump,Girls,4,Field Event,Jumps,,Jessica Francis,25,5,Alphansus Davis High School,,1.55mX,4,
Long Jump,Girls,4,Field Event,Jumps,,Jessica Francis,25,4,Alphansus Davis High School,,5.18mX,5,
Triple Jump,Girls,Open,Field Event,Jumps,,Tasheka Thomas,25,,Alphansus Davis High School,,,0,Foul
1500 Meter ,Boys,3,Track Event,Middle Distance,,Dante Myers,25,8,B.B. Coke High School,,4:35.87X,1,
2000 Meter Steeplechase,Boys,Open,Track Event,Middle Distance,,Omar Campbell,25,3,B.B. Coke High School,,6:04.46X,6,
1500 Meter ,Boys,1,Track Event,Middle Distance,,Roquelme Johnson,25,5,Bellefield High School,,4:03.61X,4,
1500 Meter ,Boys,2,Track Event,Middle Distance,,Drayvone Palmer,25,5,Bellefield High School,,4:16.15X,4,
1500 Meter ,Boys,3,Track Event,Middle Distance,,Jevaughn Tomlin,25,2,Bellefield High School,,4:18.30X,7,
1500 Meter ,Girls,2,Track Event,Middle Distance,,Rhodonna Prince,25,11,Bellefield High School,,5:23.28X,0,
1500 Meter ,Girls,3,Track Event,Middle Distance,,Britney Bruce,25,9,Bellefield High School,,5:11.26X,0,
1500 Meter ,Girls,3,Track Event,Middle Distance,,Althea Bolton,25,10,Bellefield High School,,5:14.69X,0,
2000 Meter Steeplechase,Boys,Open,Track Event,Middle Distance,,Jevaughn Henry,25,7,Bellefield High School,,6:35.00X,2,
200 Meter ,Girls,1,Track Event,Spints,-2.3,Anecia Campbell,25,6,Bellefield High School,,24.28X,3,
3000 Meter,Girls,Open,Track Event,Middle Distance,,Britney Bruce,25,6,Bellefield High School,,11:22.85X,3,
400 Meter ,Girls,1,Track Event,Spints,,Anecia Campbell,25,4,Bellefield High School,,54.51X,5,
5000 Meter,Boys,Open,Track Event,Long Distance,,Jevaughn Henry,25,8,Bellefield High School,,16:56.36X,1,
800 Meter ,Boys,3,Track Event,Middle Distance,,Jevaughn Tomlin,25,5,Bellefield High School,,2:06.54X,4,
1500 Meter ,Girls,1,Track Event,Middle Distance,,Syisha Hylton,25,13,Black River High School,,19:08.42X,0,
2000 Meter Steeplechase,Girls,Open,Track Event,Middle Distance,,Kimberly Dixon,25,7,Black River High School,,8:21.56X,2,
3000 Meter,Girls,Open,Track Event,Middle Distance,,Kimberly Dixon,25,11,Black River High School,,12:06.48X,0,
100 Meter ,Boys,1,Track Event,Sprints,0.5,Shaquane Gordon,25,5,Calabar High School,,10.40X,4,
100 Meter ,Boys,1,Track Event,Sprints,0.5,Jamal Stephenson,25,8,Calabar High School,,18.58X,1,
100 Meter ,Boys,2,Track Event,Sprints,-0.2,Byron Walker,25,3,Calabar High School,,10.65X,6,
100 Meter ,Boys,3,Track Event,Sprints,0,Joshua Ricketts,25,8,Calabar High School,,11.62X,1,
100 Meter Hurdles,Boys,3,Track Event,Hurdles,-2,Ronaldino Barnett,25,1,Calabar High School,,12.92X,9,
100 Meter Hurdles,Boys,3,Track Event,Hurdles,-2,Jordan Mcbean,25,2,Calabar High School,,13.10X,7,
110 Meter Hurdles,Boys,1,Track Event,Hurdles,-3.6,Shaquane Gordon,25,1,Calabar High School,,13.52X,9,
110 Meter Hurdles,Boys,2,Track Event,Hurdles,-1.9,Divondrae Matthews,25,4,Calabar High School,,14.19X,5,
110 Meter Hurdles,Boys,2,Track Event,Hurdles,-1.9,Kemarley Fletcher,25,8,Calabar High School,,14.37X,1,
1500 Meter ,Boys,1,Track Event,Middle Distance,,Odane Davidson,25,6,Calabar High School,,4:06.86X,3,
1500 Meter ,Boys,2,Track Event,Middle Distance,,Tavar Flemmings,25,10,Calabar High School,,4:22.09X,0,
1500 Meter ,Boys,3,Track Event,Middle Distance,,Jaylon Campbell,25,5,Calabar High School,,4:29.25X,4,
200 Meter ,Boys,1,Track Event,Spints,-2.6,Junior Galimore,25,2,Calabar High School,,21.42X,7,
200 Meter ,Boys,2,Track Event,Spints,-2.4,Ronaldo Francis,25,7,Calabar High School,,22.41X,2,
200 Meter ,Boys,3,Track Event,Spints,-2.2,Justin Mckoy,25,7,Calabar High School,,23.77X,2,
400 Meter ,Boys,2,Track Event,Spints,,Diwayne Sharpe,25,2,Calabar High School,,48.30X,7,
400 Meter ,Boys,3,Track Event,Spints,,Rajeve Allison,25,1,Calabar High School,,50.33X,9,
400 Meter ,Boys,3,Track Event,Spints,,Justin Mckoy,25,2,Calabar High School,,50.66X,7,
400 Meter Hurdles,Boys,1,Track Event,Hurdles,,Durville Jackson,25,5,Calabar High School,,52.90X,4,
400 Meter Hurdles,Boys,1,Track Event,Hurdles,,Robert Miller,25,8,Calabar High School,,1:10.37X,1,
400 Meter Hurdles,Boys,2,Track Event,Hurdles,,Micah Willis,25,1,Calabar High School,,52.69X,9,
5000 Meter,Boys,Open,Track Event,Long Distance,,Shakeem Ebanks,25,14,Calabar High School,,18:33.39X,0,
5000 Meter,Boys,Open,Track Event,Long Distance,,Odane Davidson,25,15,Calabar High School,,19:26.12X,0,
800 Meter ,Boys,2,Track Event,Middle Distance,,Alejandro Palmer,25,4,Calabar High School,,1:57.44X,5,
800 Meter ,Boys,3,Track Event,Middle Distance,,Malrick Thomas,25,8,Calabar High School,,2:10.96X,1,
Discus Throw,Boys,1,Field Event,Throws,,Delon Smith,25,4,Calabar High School,,53.87mX,5,
Discus Throw,Boys,1,Field Event,Throws,,De-Andre Henry,25,10,Calabar High School,,48.00mX,0,
Discus Throw,Boys,2,Field Event,Throws,,Kamari Kennedy,25,1,Calabar High School,,61.46mX,9,
Discus Throw,Boys,2,Field Event,Throws,,Blake Williams,25,5,Calabar High School,,50.14mX,4,
High Jump,Boys,1,Field Event,Jumps,,Kijaun Williams,25,8,Calabar High School,,1.90mX,1,
High Jump,Boys,1,Field Event,Jumps,,Kaleel Samuels,25,9,Calabar High School,,1.85mX,0,
High Jump,Boys,2,Field Event,Jumps,,Richard Green,25,8,Calabar High School,,1.80mX,0.25,
High Jump,Boys,3,Field Event,Jumps,,Shamar Shaw,25,1,Calabar High School,,1.78mX,9,
High Jump,Boys,3,Field Event,Jumps,,Oraine Perkins,25,4,Calabar High School,,1.75mX,5,
Javelin Throw,Boys,Open,Field Event,Throws,,Tarique Daley,25,1,Calabar High School,,65.11mX,9,
Long Jump,Boys,1,Field Event,Jumps,,Shevaughn Pryce,25,9,Calabar High School,,6.53mX,0,
Long Jump,Boys,1,Field Event,Jumps,,Romaine Lewis,25,11,Calabar High School,,6.30mX,0,
Long Jump,Boys,2,Field Event,Jumps,,Richard Green,25,5,Calabar High School,,6.75mX,4,
Long Jump,Boys,3,Field Event,Jumps,,Shamar Shaw,25,1,Calabar High School,,6.47mX,9,
Long Jump,Boys,3,Field Event,Jumps,,Oraine Perkins,25,11,Calabar High School,,5.55mX,0,
Pole Vault,Boys,Open,Field Event,Jumps,,Lenworth Chung,25,1,Calabar High School,,3.80mX,9,
Pole Vault,Boys,Open,Field Event,Jumps,,Leighton Johnson,25,,Calabar High School,,,0,NH
Shot Put,Boys,1,Field Event,Throws,,Khaleel Henry,25,5,Calabar High School,,16.43mX,4,
Shot Put,Boys,1,Field Event,Throws,,Khaleel Carroll,25,6,Calabar High School,,15.31mX,3,
Shot Put,Boys,2,Field Event,Throws,,Kamari Kennedy,25,2,Calabar High School,,18.29mX,7,
Shot Put,Boys,2,Field Event,Throws,,Blake Williams,25,9,Calabar High School,,13.60mX,0,
Triple Jump,Boys,1,Field Event,Jumps,,Romaine Lewis,25,4,Calabar High School,,14.68mX,5,
Triple Jump,Boys,1,Field Event,Jumps,,Kaleel Samuels,25,7,Calabar High School,,14.36mX,2,
Triple Jump,Boys,2,Field Event,Jumps,,Antonio Anderson,25,4,Calabar High School,,14.03mX,5,
1500 Meter ,Girls,1,Track Event,Middle Distance,,Jennifer Byass,25,9,Camperdown High School,,4:58.44X,0,
3000 Meter,Girls,Open,Track Event,Middle Distance,,Jennifer Byass,25,7,Camperdown High School,,11:28.80X,2,
Javelin Throw,Boys,Open,Field Event,Throws,,Javon Forrest,25,7,Camperdown High School,,51.35mX,2,
Triple Jump,Girls,Open,Field Event,Jumps,,Morrisa Heslop,25,,Camperdown High School,,,0,Foul
200 Meter ,Boys,2,Track Event,Spints,-2.4,Nasir Mcmorris,25,8,Campion College,,22.76X,1,
5000 Meter,Boys,Open,Track Event,Long Distance,,Amarii Brightley,25,11,Campion College,,17:27.93X,0,
High Jump,Boys,3,Field Event,Jumps,,Joshua Parchment,25,5,Campion College,,1.75mX,4,
High Jump,Girls,1,Field Event,Jumps,,Justina Butler,25,11,Campion College,,1.55mX,0,
High Jump,Girls,3,Field Event,Jumps,,Stefvanco Henry,25,3,Campion College,,1.65mX,6,
High Jump,Girls,4,Field Event,Jumps,,Sandrianna Rodney,25,10,Campion College,,1.45mX,0,
Long Jump,Girls,3,Field Event,Jumps,,Stefvanco Henry,25,1,Campion College,,5.61mX,9,
100 Meter ,Boys,3,Track Event,Sprints,0,Kevar Johnson,25,7,Charlemont High School,,11.42X,2,
2000 Meter Steeplechase,Boys,Open,Track Event,Middle Distance,,Nicholas Francis,25,10,Charlemont High School,,6:44.41X,0,
800 Meter ,Boys,1,Track Event,Middle Distance,,Simion Bailey,25,7,Charlemont High School,,1:56.08X,2,
100 Meter ,Girls,4,Track Event,Sprints,0.2,Tyniqua Moulton,25,7,Clarendon College,,12.55X,2,
2000 Meter Steeplechase,Boys,Open,Track Event,Middle Distance,,Obinna Reid,25,4,Clarendon College,,6:06.48X,5,
200 Meter ,Girls,4,Track Event,Spints,-3.1,Tyniqua Moulton,25,8,Clarendon College,,26.35X,1,
5000 Meter,Boys,Open,Track Event,Long Distance,,Obinna Reid,25,,Clarendon College,,,0,DNS
Discus Throw,Boys,1,Field Event,Throws,,Cleon Sewell,25,7,Clarendon College,,50.13mX,2,
Discus Throw,Girls,1,Field Event,Throws,,Marla-Kay Lampart,25,10,Clarendon College,,45.34mX,0,
Discus Throw,Girls,2,Field Event,Throws,,Jamelia Young,25,3,Clarendon College,,43.81mX,6,
Shot Put,Boys,1,Field Event,Throws,,Cleon Sewell,25,7,Clarendon College,,15.23mX,2,
Shot Put,Girls,1,Field Event,Throws,,Marla-Kay Lampart,25,5,Clarendon College,,12.51mX,4,
Shot Put,Girls,2,Field Event,Throws,,Jamelia Young,25,1,Clarendon College,,13.65mX,9,
Shot Put,Girls,2,Field Event,Throws,,Natalia Pitterson,25,7,Clarendon College,,12.43mX,2,
100 Meter ,Girls,4,Track Event,Sprints,0.2,Philipia James,25,8,Convent of Mercy Academy (Alpha),,12.57X,1,
100 Meter Hurdles,Girls,2,Track Event,Hurdles,-2.5,Rajana Price,25,3,Convent of Mercy Academy (Alpha),,14.04X,6,
1500 Meter ,Girls,3,Track Event,Middle Distance,,Danoya Scott,25,11,Convent of Mercy Academy (Alpha),,5:16.97X,0,
2000 Meter Steeplechase,Girls,Open,Track Event,Middle Distance,,Ashanti Parkes,25,9,Convent of Mercy Academy (Alpha),,9:05.23X,0,
70 Meter Hurdles,Girls,4,Track Event,Hurdles,-1.8,Philipia James,25,4,Convent of Mercy Academy (Alpha),,10.98X,5,
70 Meter Hurdles,Girls,4,Track Event,Hurdles,-1.8,Malaisha Shirley,25,5,Convent of Mercy Academy (Alpha),,11.04X,4,
Discus Throw,Girls,3,Field Event,Throws,,Tashanti Fearon,25,8,Convent of Mercy Academy (Alpha),,32.81mX,1,
Discus Throw,Girls,3,Field Event,Throws,,Dominique Braham,25,10,Convent of Mercy Academy (Alpha),,31.23mX,0,
High Jump,Girls,2,Field Event,Jumps,,Sharrian Morris,25,7,Convent of Mercy Academy (Alpha),,1.60mX,1.5,
High Jump,Girls,4,Field Event,Jumps,,Shiah Moore,25,12,Convent of Mercy Academy (Alpha),,1.45mX,0,
Long Jump,Girls,2,Field Event,Jumps,,Rajana Price,25,5,Convent of Mercy Academy (Alpha),,5.43mX,4,
Long Jump,Girls,4,Field Event,Jumps,,Peyton-Ann Edwards,25,11,Convent of Mercy Academy (Alpha),,4.58mX,0,
200 Meter ,Boys,1,Track Event,Spints,-2.6,Zachary Cox,25,8,Cornwall College,,21.84X,1,
5000 Meter,Boys,Open,Track Event,Long Distance,,Kayvon Donaldson,25,12,Cornwall College,,17:36.28X,0,
Discus Throw,Boys,2,Field Event,Throws,,Junior Wright,25,8,Cornwall College,,42.98mX,1,
High Jump,Boys,1,Field Event,Jumps,,Patrick Rosegreen,25,,Cornwall College,,,0,NH
High Jump,Boys,2,Field Event,Jumps,,Ricardo Streete,25,6,Cornwall College,,1.85mX,3,
High Jump,Boys,3,Field Event,Jumps,,Justin Brown,25,8,Cornwall College,,1.70mX,1,
Javelin Throw,Boys,Open,Field Event,Throws,,Junior Wright,25,8,Cornwall College,,48.47mX,1,
Long Jump,Boys,1,Field Event,Jumps,,Kenomar Jones,25,5,Cornwall College,,7.04mX,4,
Long Jump,Boys,3,Field Event,Jumps,,Zhi-Hew Whitter,25,8,Cornwall College,,5.76mX,1,
Shot Put,Boys,1,Field Event,Throws,,Mar-Lando Farquharson,25,3,Cornwall College,,18.32mX,6,
Triple Jump,Boys,1,Field Event,Jumps,,Kenomar Jones,25,11,Cornwall College,,13.27mX,0,
Triple Jump,Boys,2,Field Event,Jumps,,Carlyle Tinglin,25,11,Cornwall College,,13.48mX,0,
3000 Meter,Girls,Open,Track Event,Middle Distance,,Natalia Gayle,25,12,Denbigh High School,,12:07.27X,0,
400 Meter ,Boys,2,Track Event,Spints,,Chanton White,25,3,Denbigh High School,,48.56X,6,
400 Meter ,Boys,2,Track Event,Spints,,Rayvon Black,25,8,Denbigh High School,,49.52X,1,
400 Meter Hurdles,Boys,2,Track Event,Hurdles,,Kingsley Hanson,25,8,Denbigh High School,,57.64X,1,
High Jump,Boys,1,Field Event,Jumps,,Kamarie Ferguson,25,,Dinthill Technical High School,,,0,NH
100 Meter ,Boys,1,Track Event,Sprints,0.5,Romario Finnigan,25,7,Edwin Allen High School,,10.59X,2,
100 Meter ,Girls,1,Track Event,Sprints,0.8,Renecia Edwards,25,3,Edwin Allen High School,,11.54X,6,
100 Meter ,Girls,1,Track Event,Sprints,0.8,Jounee Armstrong,25,4,Edwin Allen High School,,11.57X,5,
100 Meter ,Girls,2,Track Event,Sprints,-0.3,Kerelle Etienne,25,4,Edwin Allen High School,,11.76X,5,
100 Meter ,Girls,2,Track Event,Sprints,-0.3,Moesha Gayle,25,5,Edwin Allen High School,,11.80X,4,
100 Meter ,Girls,3,Track Event,Sprints,0,Tashana Godfrey,25,5,Edwin Allen High School,,11.96X,4,
100 Meter ,Girls,3,Track Event,Sprints,0,Danelia Clarke,25,7,Edwin Allen High School,,12.17X,2,
100 Meter Hurdles,Girls,1,Track Event,Hurdles,-1.3,Santae Wilson,25,3,Edwin Allen High School,,13.74X,6,
1500 Meter ,Boys,1,Track Event,Middle Distance,,Joel Morgan,25,2,Edwin Allen High School,,3:56.12X,7,
1500 Meter ,Boys,2,Track Event,Middle Distance,,Moses Johnson,25,3,Edwin Allen High School,,4:12.97X,6,
1500 Meter ,Girls,1,Track Event,Middle Distance,,Monique Stewart,25,4,Edwin Allen High School,,4:43.55X,5,
1500 Meter ,Girls,1,Track Event,Middle Distance,,Horecia Love,25,11,Edwin Allen High School,,5:08.22X,0,
1500 Meter ,Girls,2,Track Event,Middle Distance,,Kevongaye Fowler,25,4,Edwin Allen High School,,4:47.16X,5,
1500 Meter ,Girls,2,Track Event,Middle Distance,,Rhianna Collington,25,,Edwin Allen High School,,,0,DNF
1500 Meter ,Girls,3,Track Event,Middle Distance,,Denique Palmer,25,1,Edwin Allen High School,,4:44.44X,9,
1500 Meter ,Girls,3,Track Event,Middle Distance,,Aneka Lowe,25,6,Edwin Allen High School,,4:58.27X,3,
2000 Meter Steeplechase,Boys,Open,Track Event,Middle Distance,,Oshane Windett,25,9,Edwin Allen High School,,6:43.62X,0,
2000 Meter Steeplechase,Girls,Open,Track Event,Middle Distance,,Sushana Johnson,25,2,Edwin Allen High School,,6:55.69X,7,
2000 Meter Steeplechase,Girls,Open,Track Event,Middle Distance,,Briana Morris,25,5,Edwin Allen High School,,7:55.43X,4,
200 Meter ,Boys,1,Track Event,Spints,-2.6,Antonio Powell,25,7,Edwin Allen High School,,21.68X,2,
200 Meter ,Girls,1,Track Event,Spints,-2.3,Jounee Armstrong,25,5,Edwin Allen High School,,24.14X,4,
200 Meter ,Girls,3,Track Event,Spints,-3.5,Danelia Clarke,25,6,Edwin Allen High School,,25.04X,3,
200 Meter ,Girls,4,Track Event,Spints,-3.1,Gabrielle Lynch,25,6,Edwin Allen High School,,26.08X,3,
3000 Meter,Girls,Open,Track Event,Middle Distance,,Sushana Johnson,25,1,Edwin Allen High School,,10:13.58X,9,
3000 Meter,Girls,Open,Track Event,Middle Distance,,Denique Palmer,25,4,Edwin Allen High School,,10:38.54X,5,
400 Meter ,Girls,1,Track Event,Spints,,Kellyann Carr,25,3,Edwin Allen High School,,53.53X,6,
400 Meter ,Girls,2,Track Event,Spints,,Marria Crossfield,25,7,Edwin Allen High School,,57.46X,2,
400 Meter ,Girls,3,Track Event,Spints,,Khalila Lewis Satchwell,25,4,Edwin Allen High School,,56.57X,5,
400 Meter Hurdles,Girls,Open,Track Event,Hurdles,,Kellyann Carr,25,1,Edwin Allen High School,,57.41X,9,
400 Meter Hurdles,Girls,Open,Track Event,Hurdles,,Shanique Cassanova,25,5,Edwin Allen High School,,1:00.00X,4,
800 Meter ,Boys,1,Track Event,Middle Distance,,Joel Morgan,25,2,Edwin Allen High School,,1:51.46X,7,
800 Meter ,Girls,1,Track Event,Middle Distance,,Monique Stewart,25,3,Edwin Allen High School,,2:14.38X,6,
800 Meter ,Girls,2,Track Event,Middle Distance,,Kevongaye Fowler,25,3,Edwin Allen High School,,2:13.97X,6,
800 Meter ,Girls,3,Track Event,Middle Distance,,Aneka Lowe,25,1,Edwin Allen High School,,2:16.36X,9,
800 Meter ,Girls,3,Track Event,Middle Distance,,Romeann Gray,25,2,Edwin Allen High School,,2:16.45X,7,
80 Meter Hurdles,Girls,3,Track Event,Hurdles,-3.7,Tashana Godfrey,25,1,Edwin Allen High School,,11.26X,9,
80 Meter Hurdles,Girls,3,Track Event,Hurdles,-3.7,Macaela Gordon,25,5,Edwin Allen High School,,11.73X,4,
Discus Throw,Boys,1,Field Event,Throws,,Addison James,25,11,Edwin Allen High School,,47.55mX,0,
Discus Throw,Boys,2,Field Event,Throws,,Clinton Baker,25,4,Edwin Allen High School,,50.49mX,5,
Discus Throw,Boys,2,Field Event,Throws,,Anthony Miller,25,12,Edwin Allen High School,,35.15mX,0,
Discus Throw,Girls,1,Field Event,Throws,,Shamoyea Morris,25,2,Edwin Allen High School,,51.99mX,7,
Discus Throw,Girls,1,Field Event,Throws,,Shamoye Morris,25,9,Edwin Allen High School,,46.16mX,0,
Discus Throw,Girls,2,Field Event,Throws,,Shandre Brown,25,8,Edwin Allen High School,,35.95mX,1,
Discus Throw,Girls,2,Field Event,Throws,,Fabiana Perry,25,9,Edwin Allen High School,,31.00mX,0,
Discus Throw,Girls,3,Field Event,Throws,,Shanikque Bartley,25,5,Edwin Allen High School,,34.58mX,4,
High Jump,Girls,1,Field Event,Jumps,,Deijanae Bruce,25,3,Edwin Allen High School,,1.73mX,6,
High Jump,Girls,1,Field Event,Jumps,,Akaylea Brown,25,11,Edwin Allen High School,,1.55mX,0,
High Jump,Girls,3,Field Event,Jumps,,Zodieon Baker,25,6,Edwin Allen High School,,1.60mX,3,
High Jump,Girls,3,Field Event,Jumps,,Abrianna Clarke,25,,Edwin Allen High School,,,0,NH
High Jump,Girls,4,Field Event,Jumps,,Kemoya Campbell,25,9,Edwin Allen High School,,1.55mX,0,
Javelin Throw,Boys,Open,Field Event,Throws,,Addison James,25,2,Edwin Allen High School,,65.08mX,7,
Javelin Throw,Girls,Open,Field Event,Throws,,Angel Robinson,25,5,Edwin Allen High School,,32.07mX,4,
Javelin Throw,Girls,Open,Field Event,Throws,,Shamoyea Morris,25,8,Edwin Allen High School,,31.46mX,1,
Long Jump,Boys,2,Field Event,Jumps,,Tejaye Roberts,25,11,Edwin Allen High School,,6.10mX,0,
Long Jump,Girls,1,Field Event,Jumps,,Ishna James,25,5,Edwin Allen High School,,5.71mX,4,
Long Jump,Girls,1,Field Event,Jumps,,Deijanae Bruce,25,7,Edwin Allen High School,,5.60mX,2,
Long Jump,Girls,2,Field Event,Jumps,,Moesha Gayle,25,,Edwin Allen High School,,,0,DNS
Long Jump,Girls,3,Field Event,Jumps,,Dashanelle Clarke,25,10,Edwin Allen High School,,5.19mX,0,
Long Jump,Girls,3,Field Event,Jumps,,Tanesha Gayle,25,11,Edwin Allen High School,,5.09mX,0,
Long Jump,Girls,4,Field Event,Jumps,,Kemoya Campbell,25,2,Edwin Allen High School,,5.21mX,7,
Shot Put,Boys,2,Field Event,Throws,,Clinton Baker,25,6,Edwin Allen High School,,15.84mX,3,
Shot Put,Boys,2,Field Event,Throws,,Brian Daley,25,10,Edwin Allen High School,,13.38mX,0,
Shot Put,Girls,1,Field Event,Throws,,Dionjah Shaw,25,6,Edwin Allen High School,,12.47mX,3,
Shot Put,Girls,1,Field Event,Throws,,Shamoye Morris,25,7,Edwin Allen High School,,12.17mX,2,
Shot Put,Girls,2,Field Event,Throws,,Kerie Williams,25,8,Edwin Allen High School,,12.25mX,1,
Triple Jump,Girls,Open,Field Event,Jumps,,Deijanae Bruce,25,2,Edwin Allen High School,,13.01mX,7,
Triple Jump,Girls,Open,Field Event,Jumps,,Santae Wilson,25,6,Edwin Allen High School,,12.19mX,3,
100 Meter ,Boys,1,Track Event,Sprints,0.5,Malike Nugent,25,3,Excelsior High School,,10.35X,6,
100 Meter ,Boys,2,Track Event,Sprints,-0.2,Michael Graham,25,1,Excelsior High School,,10.46X,9,
100 Meter Hurdles,Girls,1,Track Event,Hurdles,-1.3,Shelley-Ann Taylor,25,5,Excelsior High School,,14.18X,4,
100 Meter Hurdles,Girls,1,Track Event,Hurdles,-1.3,Amoi Kentish,25,6,Excelsior High School,,14.26X,3,
1500 Meter ,Boys,1,Track Event,Middle Distance,,Ricardo Carr,25,7,Excelsior High School,,4:08.61X,2,
1500 Meter ,Boys,2,Track Event,Middle Distance,,Keniel Daniels,25,11,Excelsior High School,,4:29.83X,0,
200 Meter ,Girls,2,Track Event,Spints,-2.6,Breana Brown,25,6,Excelsior High School,,24.68X,3,
3000 Meter,Girls,Open,Track Event,Middle Distance,,Lockscia Williams,25,17,Excelsior High School,,13:52.32X,0,
400 Meter ,Boys,1,Track Event,Spints,,Kishawn Hoffman,25,5,Excelsior High School,,47.14X,4,
400 Meter ,Boys,2,Track Event,Spints,,Gregory Mcfarlane,25,5,Excelsior High School,,48.85X,4,
400 Meter ,Girls,2,Track Event,Spints,,Breana Brown,25,4,Excelsior High School,,54.79X,5,
400 Meter Hurdles,Boys,1,Track Event,Hurdles,,Kishawn Hoffman,25,1,Excelsior High School,,50.97X,9,
400 Meter Hurdles,Boys,2,Track Event,Hurdles,,Gregory Mcfarlane,25,6,Excelsior High School,,54.95X,3,
800 Meter ,Boys,1,Track Event,Middle Distance,,Ricardo Carr,25,6,Excelsior High School,,1:55.39X,3,
Discus Throw,Girls,1,Field Event,Throws,,Najhada Seymoure,25,1,Excelsior High School,,52.16mX,9,
Discus Throw,Girls,1,Field Event,Throws,,Gianna Clayton,25,8,Excelsior High School,,46.75mX,1,
Discus Throw,Girls,2,Field Event,Throws,,Kayla Honeywell,25,7,Excelsior High School,,36.40mX,2,
Discus Throw,Girls,3,Field Event,Throws,,Zoeyann Plummer,25,2,Excelsior High School,,37.99mX,7,
Discus Throw,Girls,3,Field Event,Throws,,Enola Myers,25,6,Excelsior High School,,34.39mX,3,
High Jump,Girls,3,Field Event,Jumps,,Jai-Doir Ricketts,25,11,Excelsior High School,,1.50mX,0,
Javelin Throw,Girls,Open,Field Event,Throws,,Tamar Austin,25,,Excelsior High School,,,0,Foul
Long Jump,Boys,2,Field Event,Jumps,,Michael Graham,25,3,Excelsior High School,,7.02mX,6,
Long Jump,Boys,3,Field Event,Jumps,,Kevin Mitchell,25,7,Excelsior High School,,5.76mX,2,
Long Jump,Girls,4,Field Event,Jumps,,Christina Clarke,25,5,Excelsior High School,,5.11mX,4,
Pole Vault,Boys,Open,Field Event,Jumps,,Rhyeem Campbell,25,2,Excelsior High School,,3.70mX,7,
Shot Put,Boys,1,Field Event,Throws,,Brycen Bailey,25,11,Excelsior High School,,13.66mX,0,
Shot Put,Girls,1,Field Event,Throws,,Kimeka Smith,25,1,Excelsior High School,,15.02mX,9,
Shot Put,Girls,1,Field Event,Throws,,Gianna Clayton,25,4,Excelsior High School,,13.79mX,5,
Shot Put,Girls,2,Field Event,Throws,,Alyssa Forrester,25,5,Excelsior High School,,12.87mX,4,
Shot Put,Girls,2,Field Event,Throws,,Kayla Honeywell,25,10,Excelsior High School,,12.06mX,0,
Triple Jump,Boys,2,Field Event,Jumps,,Khi-Anthony Hall,25,2,Excelsior High School,,14.31mX,7,
100 Meter ,Girls,3,Track Event,Sprints,0,Rihanna Scott,25,3,Ferncourt High School,,11.82X,6,
200 Meter ,Girls,3,Track Event,Spints,-3.5,Rihanna Scott,25,4,Ferncourt High School,,24.71X,5,
200 Meter ,Girls,3,Track Event,Spints,-3.5,Shameika Mclean,25,3,Foga Road High School,,24.47X,6,
400 Meter ,Boys,1,Track Event,Spints,,Paul Henry,25,6,Foga Road High School,,47.18X,3,
400 Meter ,Girls,3,Track Event,Spints,,Shameika Mclean,25,1,Foga Road High School,,54.22X,9,
Discus Throw,Girls,3,Field Event,Throws,,Davia Ellis,25,7,Frome Technical High School,,32.90mX,2,
1500 Meter ,Boys,1,Track Event,Middle Distance,,Shamar Walker,25,10,Glengoffe High School,,4:12.53X,0,
2000 Meter Steeplechase,Boys,Open,Track Event,Middle Distance,,Shamar Walker,25,5,Glengoffe High School,,6:15.17X,4,
Discus Throw,Girls,3,Field Event,Throws,,Paulandra James,25,12,Godfrey Stewart High School,,26.09mX,0,
400 Meter Hurdles,Girls,Open,Track Event,Hurdles,,Daynea Colstock,25,6,Green Island High School,,1:00.53X,3,
Discus Throw,Boys,2,Field Event,Throws,,Kaheim Beckford,25,11,Green Island High School,,36.14mX,0,
Shot Put,Boys,2,Field Event,Throws,,Kaheim Beckford,25,11,Green Island High School,,11.61mX,0,
Javelin Throw,Boys,Open,Field Event,Throws,,Kemar Steele,25,11,Guy's Hill High School,,46.22mX,0,
High Jump,Boys,1,Field Event,Jumps,,Jaquan Souden,25,10,Happy Grove High School,,1.80mX,0,
High Jump,Girls,2,Field Event,Jumps,,Shakera Marquis,25,,Happy Grove High School,,,0,NH
Triple Jump,Girls,Open,Field Event,Jumps,,O'Nelia Joseph,25,,Happy Grove High School,,,0,Foul
400 Meter Hurdles,Boys,1,Track Event,Hurdles,,Trevoy Smith,25,2,Herbert Morrison Technical High,,51.12X,7,
High Jump,Boys,1,Field Event,Jumps,,Santino Distin,25,2,Herbert Morrison Technical High,,2.05mX,7,
High Jump,Boys,1,Field Event,Jumps,,Joshua Clarke,25,10,Herbert Morrison Technical High,,1.80mX,0,
High Jump,Boys,2,Field Event,Jumps,,Jayden Wollinston,25,8,Herbert Morrison Technical High,,1.80mX,0.25,
High Jump,Boys,3,Field Event,Jumps,,Leondrae Thomas,25,2,Herbert Morrison Technical High,,1.78mX,6.5,
Long Jump,Boys,1,Field Event,Jumps,,Santino Distin,25,10,Herbert Morrison Technical High,,6.38mX,0,
Triple Jump,Boys,1,Field Event,Jumps,,Santino Distin,25,,Herbert Morrison Technical High,,,0,DNS
100 Meter ,Boys,2,Track Event,Sprints,-0.2,Jaydon Collins,25,2,Holmwood Technical High School,,10.54X,7,
100 Meter ,Girls,1,Track Event,Sprints,0.8,Doniellia Lewis,25,2,Holmwood Technical High School,,11.43X,7,
100 Meter ,Girls,1,Track Event,Sprints,0.8,Kiara Meikle,25,6,Holmwood Technical High School,,11.70X,3,
100 Meter ,Girls,4,Track Event,Sprints,0.2,Adalia Simpson,25,1,Holmwood Technical High School,,12.13X,9,
100 Meter ,Girls,4,Track Event,Sprints,0.2,Aliona Crawford,25,6,Holmwood Technical High School,,12.49X,3,
100 Meter Hurdles,Girls,1,Track Event,Hurdles,-1.3,Kiara Meikle,25,2,Holmwood Technical High School,,13.51X,7,
100 Meter Hurdles,Girls,1,Track Event,Hurdles,-1.3,Regina Bailey,25,7,Holmwood Technical High School,,14.31X,2,
100 Meter Hurdles,Girls,2,Track Event,Hurdles,-2.5,Nickayla Russell,25,7,Holmwood Technical High School,,14.99X,2,
1500 Meter ,Boys,2,Track Event,Middle Distance,,Antuwan Newland,25,7,Holmwood Technical High School,,4:18.41X,2,
1500 Meter ,Girls,1,Track Event,Middle Distance,,Cindy Rose,25,2,Holmwood Technical High School,,4:38.22X,7,
1500 Meter ,Girls,1,Track Event,Middle Distance,,Florence Nafamba,25,5,Holmwood Technical High School,,4:47.68X,4,
1500 Meter ,Girls,2,Track Event,Middle Distance,,Jovi Rose,25,2,Holmwood Technical High School,,4:42.71X,7,
1500 Meter ,Girls,3,Track Event,Middle Distance,,Ashley Shepherd,25,4,Holmwood Technical High School,,4:49.28X,5,
1500 Meter ,Girls,3,Track Event,Middle Distance,,Kerrita Rose,25,5,Holmwood Technical High School,,4:57.51X,4,
2000 Meter Steeplechase,Girls,Open,Track Event,Middle Distance,,Terrica Clarke,25,3,Holmwood Technical High School,,7:18.93X,6,
2000 Meter Steeplechase,Girls,Open,Track Event,Middle Distance,,Icela Swaby,25,4,Holmwood Technical High School,,7:38.10X,5,
200 Meter ,Boys,2,Track Event,Spints,-2.4,Jaydon Collins,25,2,Holmwood Technical High School,,21.99X,7,
200 Meter ,Girls,1,Track Event,Spints,-2.3,Doniellia Lewis,25,4,Holmwood Technical High School,,24.11X,5,
200 Meter ,Girls,1,Track Event,Spints,-2.3,Abrina Wright,25,8,Holmwood Technical High School,,24.40X,1,
200 Meter ,Girls,2,Track Event,Spints,-2.6,Maddison Campbell,25,7,Holmwood Technical High School,,24.95X,2,
200 Meter ,Girls,4,Track Event,Spints,-3.1,Adalia Simpson,25,1,Holmwood Technical High School,,25.15X,9,
3000 Meter,Girls,Open,Track Event,Middle Distance,,Terrica Clarke,25,3,Holmwood Technical High School,,10:31.24X,6,
3000 Meter,Girls,Open,Track Event,Middle Distance,,Icela Swaby,25,5,Holmwood Technical High School,,11:19.79X,4,
400 Meter ,Boys,1,Track Event,Spints,,Omarie Williamson,25,3,Holmwood Technical High School,,46.66X,6,
400 Meter ,Girls,1,Track Event,Spints,,Abrina Wright,25,2,Holmwood Technical High School,,53.53X,7,
400 Meter ,Girls,1,Track Event,Spints,,Kristen Herbert,25,6,Holmwood Technical High School,,54.75X,3,
400 Meter ,Girls,2,Track Event,Spints,,Maddison Campbell,25,3,Holmwood Technical High School,,54.44X,6,
400 Meter ,Girls,2,Track Event,Spints,,Britannaia Bailey,25,8,Holmwood Technical High School,,57.73X,1,
400 Meter ,Girls,3,Track Event,Spints,,Tracey-Ann Evans,25,2,Holmwood Technical High School,,55.55X,7,
400 Meter ,Girls,3,Track Event,Spints,,Ashley Wynter,25,5,Holmwood Technical High School,,57.28X,4,
800 Meter ,Boys,2,Track Event,Middle Distance,,Antuwan Newland,25,8,Holmwood Technical High School,,2:03.88X,1,
800 Meter ,Girls,1,Track Event,Middle Distance,,Cindy Rose,25,1,Holmwood Technical High School,,2:10.59X,9,
800 Meter ,Girls,1,Track Event,Middle Distance,,Florence Nafamba,25,2,Holmwood Technical High School,,2:12.03X,7,
800 Meter ,Girls,2,Track Event,Middle Distance,,Jovi Rose,25,2,Holmwood Technical High School,,2:12.78X,7,
800 Meter ,Girls,3,Track Event,Middle Distance,,Kerrita Rose,25,3,Holmwood Technical High School,,2:20.30X,6,
800 Meter ,Girls,3,Track Event,Middle Distance,,Ashley Shepherd,25,5,Holmwood Technical High School,,2:24.65X,4,
80 Meter Hurdles,Girls,3,Track Event,Hurdles,-3.7,Maya Oakley,25,6,Holmwood Technical High School,,11.81X,3,
80 Meter Hurdles,Girls,3,Track Event,Hurdles,-3.7,Devonnie Francis,25,7,Holmwood Technical High School,,11.92X,2,
Discus Throw,Girls,1,Field Event,Throws,,Abbygale West,25,11,Holmwood Technical High School,,45.28mX,0,
Discus Throw,Girls,2,Field Event,Throws,,Rihanna Perry,25,,Holmwood Technical High School,,,0,Foul
High Jump,Girls,2,Field Event,Jumps,,Mikayla Longmore,25,3,Holmwood Technical High School,,1.60mX,5,
High Jump,Girls,3,Field Event,Jumps,,Jannessa Allen,25,9,Holmwood Technical High School,,1.50mX,0,
High Jump,Girls,4,Field Event,Jumps,,Afharia Anderson,25,2,Holmwood Technical High School,,1.64mX,7,
High Jump,Girls,4,Field Event,Jumps,,Ashley Dyke,25,8,Holmwood Technical High School,,1.55mX,1,
Long Jump,Girls,1,Field Event,Jumps,,Dejanae Nembhard,25,6,Holmwood Technical High School,,5.64mX,3,
Long Jump,Girls,1,Field Event,Jumps,,Deondrea Wint,25,11,Holmwood Technical High School,,4.92mX,0,
Long Jump,Girls,2,Field Event,Jumps,,Mikayla Longmore,25,4,Holmwood Technical High School,,5.51mX,5,
Long Jump,Girls,2,Field Event,Jumps,,Sashelle Spencer,25,8,Holmwood Technical High School,,5.10mX,1,
Long Jump,Girls,3,Field Event,Jumps,,Tiyana Peart,25,6,Holmwood Technical High School,,5.41mX,3,
Shot Put,Girls,1,Field Event,Throws,,Abbygale West,25,8,Holmwood Technical High School,,12.15mX,1,
Triple Jump,Girls,Open,Field Event,Jumps,,Mikayla Longmore,25,5,Holmwood Technical High School,,12.39mX,4,
Triple Jump,Girls,Open,Field Event,Jumps,,Jannessa Allen,25,,Holmwood Technical High School,,,0,Foul
100 Meter ,Girls,1,Track Event,Sprints,0.8,Shemonique Hazle,25,7,Hydel High School,,11.81X,2,
100 Meter ,Girls,4,Track Event,Sprints,0.2,Amelia Hacker,25,4,Hydel High School,,12.41X,5,
100 Meter Hurdles,Girls,1,Track Event,Hurdles,-1.3,Jody-Ann Daley,25,1,Hydel High School,,13.40X,9,
100 Meter Hurdles,Girls,1,Track Event,Hurdles,-1.3,Aaliyah Mullings,25,8,Hydel High School,,14.58X,1,
100 Meter Hurdles,Girls,2,Track Event,Hurdles,-2.5,Trisaenia Cohen,25,5,Hydel High School,,14.56X,4,
1500 Meter ,Girls,1,Track Event,Middle Distance,,Taiefa Gowe,25,1,Hydel High School,,4:37.34X,9,
1500 Meter ,Girls,2,Track Event,Middle Distance,,Rihanna Morgan,25,3,Hydel High School,,4:43.81X,6,
1500 Meter ,Girls,2,Track Event,Middle Distance,,Shania Grant,25,8,Hydel High School,,4:56.84X,1,
1500 Meter ,Girls,3,Track Event,Middle Distance,,Sackeela Whilby,25,8,Hydel High School,,5:09.02X,1,
2000 Meter Steeplechase,Girls,Open,Track Event,Middle Distance,,Taiefa Gowe,25,1,Hydel High School,,6:52.82X,9,
2000 Meter Steeplechase,Girls,Open,Track Event,Middle Distance,,Shania Grant,25,6,Hydel High School,,7:57.76X,3,
200 Meter ,Girls,1,Track Event,Spints,-2.3,Jody-Ann Daley,25,1,Hydel High School,,23.53X,9,
200 Meter ,Girls,1,Track Event,Spints,-2.3,Shemonique Hazle,25,3,Hydel High School,,24.01X,6,
200 Meter ,Girls,2,Track Event,Spints,-2.6,Sashana Johnson,25,3,Hydel High School,,24.07X,6,
200 Meter ,Girls,3,Track Event,Spints,-3.5,Tyecia Mcdonald,25,7,Hydel High School,,25.15X,2,
200 Meter ,Girls,4,Track Event,Spints,-3.1,Reneka Reid,25,3,Hydel High School,,25.66X,6,
3000 Meter,Girls,Open,Track Event,Middle Distance,,Baby Lindo,25,16,Hydel High School,,13:21.76X,0,
400 Meter ,Girls,1,Track Event,Spints,,Abigail Campbell,25,1,Hydel High School,,53.03X,9,
400 Meter ,Girls,1,Track Event,Spints,,Sasha-Shunta Hemmings,25,7,Hydel High School,,55.58X,2,
400 Meter ,Girls,2,Track Event,Spints,,Nastassia Fletcher,25,1,Hydel High School,,52.82X,9,
400 Meter ,Girls,2,Track Event,Spints,,Sashana Johnson,25,2,Hydel High School,,54.08X,7,
400 Meter ,Girls,3,Track Event,Spints,,Shaneil Henry,25,3,Hydel High School,,56.19X,6,
400 Meter Hurdles,Girls,Open,Track Event,Hurdles,,Nastassia Fletcher,25,2,Hydel High School,,57.92X,7,
400 Meter Hurdles,Girls,Open,Track Event,Hurdles,,Aaliyah Mullings,25,3,Hydel High School,,58.47X,6,
70 Meter Hurdles,Girls,4,Track Event,Hurdles,-1.8,Keneisha Robinson,25,8,Hydel High School,,11.11X,1,
800 Meter ,Girls,2,Track Event,Middle Distance,,Rihanna Morgan,25,6,Hydel High School,,2:18.16X,3,
800 Meter ,Girls,3,Track Event,Middle Distance,,Shaneil Henry,25,8,Hydel High School,,2:29.57X,1,
80 Meter Hurdles,Girls,3,Track Event,Hurdles,-3.7,Annieka Carnegie,25,4,Hydel High School,,11.58X,5,
Discus Throw,Girls,1,Field Event,Throws,,Shantangelo Williams,25,4,Hydel High School,,48.60mX,5,
Discus Throw,Girls,1,Field Event,Throws,,Natassia Burrell,25,7,Hydel High School,,46.85mX,2,
Discus Throw,Girls,2,Field Event,Throws,,Brandane Malcom,25,1,Hydel High School,,46.54mX,9,
High Jump,Girls,1,Field Event,Jumps,,Sabrina Atkinson,25,5,Hydel High School,,1.65mX,4,
High Jump,Girls,1,Field Event,Jumps,,Calah Mcdonald,25,10,Hydel High School,,1.60mX,0,
High Jump,Girls,2,Field Event,Jumps,,Zavien Bernard,25,1,Hydel High School,,1.70mX,9,
High Jump,Girls,4,Field Event,Jumps,,Desta Robinson,25,3,Hydel High School,,1.61mX,6,
Javelin Throw,Girls,Open,Field Event,Throws,,Natassia Burrell,25,1,Hydel High School,,45.23mX,9,
Javelin Throw,Girls,Open,Field Event,Throws,,Shantangelo Williams,25,7,Hydel High School,,31.76mX,2,
Long Jump,Girls,1,Field Event,Jumps,,Sabrina Atkinson,25,4,Hydel High School,,5.79mX,5,
Long Jump,Girls,2,Field Event,Jumps,,Zavien Bernard,25,2,Hydel High School,,5.87mX,7,
Long Jump,Girls,2,Field Event,Jumps,,Jenice Dunkley,25,6,Hydel High School,,5.41mX,3,
Long Jump,Girls,4,Field Event,Jumps,,Reneka Reid,25,6,Hydel High School,,4.94mX,3,
Long Jump,Girls,4,Field Event,Jumps,,Desta Robinson,25,9,Hydel High School,,4.70mX,0,
Shot Put,Girls,1,Field Event,Throws,,Natassia Burrell,25,3,Hydel High School,,13.80mX,6,
Shot Put,Girls,1,Field Event,Throws,,Shantangelo Williams,25,9,Hydel High School,,11.90mX,0,
Shot Put,Girls,2,Field Event,Throws,,Ramona Campbell,25,12,Hydel High School,,11.46mX,0,
Triple Jump,Girls,Open,Field Event,Jumps,,Sabrina Atkinson,25,3,Hydel High School,,12.85mX,6,
Triple Jump,Girls,Open,Field Event,Jumps,,Zavien Bernard,25,7,Hydel High School,,12.01mX,2,
100 Meter ,Girls,3,Track Event,Sprints,0,Kayla Johnson,25,8,Immaculate Conception,,13.59X,1,
100 Meter Hurdles,Girls,2,Track Event,Hurdles,-2.5,Kyra-Loye Kelly,25,6,Immaculate Conception,,14.80X,3,
1500 Meter ,Girls,2,Track Event,Middle Distance,,Netanya Robinson,25,10,Immaculate Conception,,5:21.89X,0,
2000 Meter Steeplechase,Girls,Open,Track Event,Middle Distance,,Hayleigh Brown,25,12,Immaculate Conception,,9:30.18X,0,
200 Meter ,Girls,2,Track Event,Spints,-2.6,Kimberly Wright,25,5,Immaculate Conception,,24.58X,4,
200 Meter ,Girls,4,Track Event,Spints,-3.1,Anya Johnson,25,4,Immaculate Conception,,25.67X,5,
400 Meter ,Girls,1,Track Event,Spints,,Davine Dickenson,25,5,Immaculate Conception,,54.75X,4,
70 Meter Hurdles,Girls,4,Track Event,Hurdles,-1.8,Zahra-Calista Henry,25,7,Immaculate Conception,,11.10X,2,
800 Meter ,Girls,1,Track Event,Middle Distance,,Davine Dickenson,25,4,Immaculate Conception,,2:15.41X,5,
80 Meter Hurdles,Girls,3,Track Event,Hurdles,-3.7,Ayanna Blake,25,8,Immaculate Conception,,12.42X,1,
Discus Throw,Girls,2,Field Event,Throws,,Jada Francis,25,2,Immaculate Conception,,44.89mX,7,
Discus Throw,Girls,2,Field Event,Throws,,Jamie-Lee Tulloch,25,5,Immaculate Conception,,40.42mX,4,
High Jump,Girls,3,Field Event,Jumps,,Brianna Ashman,25,9,Immaculate Conception,,1.50mX,0,
High Jump,Girls,4,Field Event,Jumps,,Sanique Watt,25,1,Immaculate Conception,,1.73mX,9,
Javelin Throw,Girls,Open,Field Event,Throws,,Zoelle Jamel,25,2,Immaculate Conception,,41.20mX,7,
Javelin Throw,Girls,Open,Field Event,Throws,,Dacia Mcdonald,25,11,Immaculate Conception,,26.65mX,0,
Long Jump,Girls,2,Field Event,Jumps,,Jaeda Robinson,25,1,Immaculate Conception,,5.91mX,9,
Long Jump,Girls,3,Field Event,Jumps,,Ashley Barrett,25,2,Immaculate Conception,,5.56mX,7,
Long Jump,Girls,3,Field Event,Jumps,,Ali Bell,25,4,Immaculate Conception,,5.48mX,5,
Long Jump,Girls,4,Field Event,Jumps,,Sanique Watt,25,3,Immaculate Conception,,5.18mX,6,
Long Jump,Girls,4,Field Event,Jumps,,Channeil Christie,25,7,Immaculate Conception,,4.85mX,2,
Shot Put,Girls,1,Field Event,Throws,,Rhianna Rodney,25,12,Immaculate Conception,,10.32mX,0,
Shot Put,Girls,2,Field Event,Throws,,Jada Francis,25,3,Immaculate Conception,,13.03mX,6,
Shot Put,Girls,2,Field Event,Throws,,Jamie-Lee Tulloch,25,9,Immaculate Conception,,12.09mX,0,
Triple Jump,Girls,Open,Field Event,Jumps,,Jaeda Robinson,25,,Immaculate Conception,,,0,DNS
100 Meter ,Boys,2,Track Event,Sprints,-0.2,Malique Dennis,25,5,Jamaica College,,10.71X,4,
100 Meter ,Boys,3,Track Event,Sprints,0,Kai Kelly,25,1,Jamaica College,,10.60X,9,
100 Meter Hurdles,Boys,3,Track Event,Hurdles,-2,Gianni Perry,25,4,Jamaica College,,13.46X,5,
110 Meter Hurdles,Boys,1,Track Event,Hurdles,-3.6,Shakir Lewis,25,3,Jamaica College,,13.85X,6,
110 Meter Hurdles,Boys,1,Track Event,Hurdles,-3.6,Daniel Beckford,25,6,Jamaica College,,14.44X,3,
110 Meter Hurdles,Boys,2,Track Event,Hurdles,-1.9,Christan Wallace,25,3,Jamaica College,,13.84X,6,
1500 Meter ,Boys,1,Track Event,Middle Distance,,Shemar Green,25,11,Jamaica College,,4:30.64X,0,
1500 Meter ,Boys,1,Track Event,Middle Distance,,Samuel Creary,25,12,Jamaica College,,4:33.19X,0,
1500 Meter ,Boys,2,Track Event,Middle Distance,,Cavel Nooks,25,12,Jamaica College,,4:49.98X,0,
1500 Meter ,Boys,3,Track Event,Middle Distance,,Rickardo Lee,25,7,Jamaica College,,4:30.43X,2,
2000 Meter Steeplechase,Boys,Open,Track Event,Middle Distance,,Evans Tetteh,25,2,Jamaica College,,6:03.85X,7,
2000 Meter Steeplechase,Boys,Open,Track Event,Middle Distance,,Tyrone Lawson,25,11,Jamaica College,,6:46.23X,0,
200 Meter ,Boys,2,Track Event,Spints,-2.4,Malique Dennis,25,6,Jamaica College,,22.36X,3,
200 Meter ,Boys,3,Track Event,Spints,-2.2,Tyler Morgan,25,4,Jamaica College,,23.40X,5,
400 Meter ,Boys,1,Track Event,Spints,,Makaelan Woods,25,7,Jamaica College,,47.59X,2,
400 Meter Hurdles,Boys,1,Track Event,Hurdles,,Princewell Martin,25,6,Jamaica College,,54.54X,3,
5000 Meter,Boys,Open,Track Event,Long Distance,,Evans Tetteh,25,2,Jamaica College,,16:03.85X,7,
5000 Meter,Boys,Open,Track Event,Long Distance,,Alex Baker,25,6,Jamaica College,,16:51.72X,3,
800 Meter ,Boys,1,Track Event,Middle Distance,,Samuel Creary,25,4,Jamaica College,,1:52.32X,5,
800 Meter ,Boys,2,Track Event,Middle Distance,,Cavel Nooks,25,6,Jamaica College,,1:59.72X,3,
800 Meter ,Boys,3,Track Event,Middle Distance,,Marcardo Williams,25,3,Jamaica College,,2:05.05X,6,
Discus Throw,Boys,1,Field Event,Throws,,Joseph Salmon,25,1,Jamaica College,,62.14mX,9,
Discus Throw,Boys,1,Field Event,Throws,,Denzel Phillips,25,6,Jamaica College,,50.71mX,3,
Discus Throw,Boys,2,Field Event,Throws,,Nasir D'Aguilar,25,7,Jamaica College,,44.20mX,2,
High Jump,Boys,1,Field Event,Jumps,,Chavez Penn,25,1,Jamaica College,,2.08mX,9,
High Jump,Boys,1,Field Event,Jumps,,Jaidi James,25,5,Jamaica College,,1.95mX,4,
High Jump,Boys,2,Field Event,Jumps,,Kajeem Warren,25,7,Jamaica College,,1.85mX,2,
Javelin Throw,Boys,Open,Field Event,Throws,,Jayvoni Neckles,25,5,Jamaica College,,56.83mX,4,
Javelin Throw,Boys,Open,Field Event,Throws,,Ajani Campbell,25,9,Jamaica College,,47.99mX,0,
Long Jump,Boys,1,Field Event,Jumps,,Michael-Andre Edwards,25,1,Jamaica College,,7.57mX,9,
Long Jump,Boys,1,Field Event,Jumps,,Jaivar Cato,25,4,Jamaica College,,7.10mX,5,
Long Jump,Boys,3,Field Event,Jumps,,Omeco Henclewood,25,3,Jamaica College,,5.95mX,6,
Pole Vault,Boys,Open,Field Event,Jumps,,Daniel Facey,25,6,Jamaica College,,3.30mX,3,
Pole Vault,Boys,Open,Field Event,Jumps,,Joel Hamm,25,8,Jamaica College,,3.10mX,1,
Shot Put,Boys,2,Field Event,Throws,,Xhaevion Kelly,25,7,Jamaica College,,15.07mX,2,
Shot Put,Boys,2,Field Event,Throws,,Nasir D'Aguilar,25,8,Jamaica College,,14.07mX,1,
Triple Jump,Boys,1,Field Event,Jumps,,Michael-Andre Edwards,25,1,Jamaica College,,15.38mX,9,
Triple Jump,Boys,1,Field Event,Jumps,,Jaivar Cato,25,2,Jamaica College,,15.01mX,7,
Triple Jump,Boys,2,Field Event,Jumps,,Domanicc Clarke,25,6,Jamaica College,,13.81mX,3,
5000 Meter,Boys,Open,Track Event,Long Distance,,Richardo Hill,25,9,Kellits High School,,17:13.29X,0,
100 Meter ,Boys,2,Track Event,Sprints,-0.2,Jonathan Clarke,25,7,Kingston College,,10.82X,2,
100 Meter ,Boys,3,Track Event,Sprints,0,Andre Genus,25,6,Kingston College,,11.32X,3,
100 Meter Hurdles,Boys,3,Track Event,Hurdles,-2,Jhaidon Dawkins,25,3,Kingston College,,13.38X,6,
110 Meter Hurdles,Boys,1,Track Event,Hurdles,-3.6,Daniel Clarke,25,2,Kingston College,,13.54X,7,
110 Meter Hurdles,Boys,1,Track Event,Hurdles,-3.6,Rayvon Walkin,25,7,Kingston College,,14.51X,2,
110 Meter Hurdles,Boys,2,Track Event,Hurdles,-1.9,Jonathan Clarke,25,1,Kingston College,,13.63X,9,
1500 Meter ,Boys,1,Track Event,Middle Distance,,Brian Kiprop,25,1,Kingston College,,3:55.24X,9,
1500 Meter ,Boys,1,Track Event,Middle Distance,,Stephen Muturi,25,9,Kingston College,,4:11.55X,0,
1500 Meter ,Boys,2,Track Event,Middle Distance,,Christopher Anderson,25,4,Kingston College,,4:14.22X,5,
1500 Meter ,Boys,2,Track Event,Middle Distance,,Jeremy Jones,25,6,Kingston College,,4:17.51X,3,
1500 Meter ,Boys,3,Track Event,Middle Distance,,Julius Itubo,25,1,Kingston College,,4:05.15X,9,
2000 Meter Steeplechase,Boys,Open,Track Event,Middle Distance,,Brian Kiprop,25,1,Kingston College,,5:56.72X,9,
200 Meter ,Boys,1,Track Event,Spints,-2.6,Markel Smith,25,3,Kingston College,,21.54X,6,
200 Meter ,Boys,2,Track Event,Spints,-2.4,Jason Pitter,25,3,Kingston College,,22.01X,6,
200 Meter ,Boys,2,Track Event,Spints,-2.4,Azriel Allen,25,4,Kingston College,,22.15X,5,
200 Meter ,Boys,3,Track Event,Spints,-2.2,Emmile Higgins,25,3,Kingston College,,23.31X,6,
200 Meter ,Boys,3,Track Event,Spints,-2.2,Andre Genus,25,6,Kingston College,,23.43X,3,
400 Meter ,Boys,1,Track Event,Spints,,Tajh-Marques White,25,1,Kingston College,,45.84X,9,
400 Meter ,Boys,1,Track Event,Spints,,Marcinho Rose,25,2,Kingston College,,45.90X,7,
400 Meter ,Boys,2,Track Event,Spints,,Jason Pitter,25,1,Kingston College,,47.92X,9,
400 Meter ,Boys,2,Track Event,Spints,,Jordan Rehedul,25,7,Kingston College,,49.29X,2,
400 Meter Hurdles,Boys,1,Track Event,Hurdles,,Taj-Oneil Gordon,25,7,Kingston College,,55.08X,2,
400 Meter Hurdles,Boys,2,Track Event,Hurdles,,Eshanee Porter,25,3,Kingston College,,54.02X,6,
5000 Meter,Boys,Open,Track Event,Long Distance,,Chris Wanjiku,25,3,Kingston College,,16:21.82X,6,
5000 Meter,Boys,Open,Track Event,Long Distance,,Stephen Muturi,25,5,Kingston College,,16:44.98X,4,
800 Meter ,Boys,2,Track Event,Middle Distance,,Christopher Anderson,25,5,Kingston College,,1:58.39X,4,
Discus Throw,Boys,1,Field Event,Throws,,Daijon Budhai,25,9,Kingston College,,48.41mX,0,
Discus Throw,Boys,2,Field Event,Throws,,Jayden Miller,25,9,Kingston College,,40.55mX,0,
High Jump,Boys,1,Field Event,Jumps,,Tejahni Haynes,25,3,Kingston College,,2.05mX,6,
High Jump,Boys,1,Field Event,Jumps,,Aaron Mckenzie,25,6,Kingston College,,1.90mX,2.5,
High Jump,Boys,2,Field Event,Jumps,,Stesean Hurd,25,4,Kingston College,,1.90mX,5,
High Jump,Boys,3,Field Event,Jumps,,Jamari Nugent,25,2,Kingston College,,1.78mX,6.5,
High Jump,Boys,3,Field Event,Jumps,,Joshua Patrick,25,7,Kingston College,,1.75mX,2,
Javelin Throw,Boys,Open,Field Event,Throws,,Alexander Betancourt,25,6,Kingston College,,54.88mX,3,
Javelin Throw,Boys,Open,Field Event,Throws,,Jurel Clement,25,10,Kingston College,,46.34mX,0,
Long Jump,Boys,1,Field Event,Jumps,,Anthony Hall,25,7,Kingston College,,6.75mX,2,
Long Jump,Boys,2,Field Event,Jumps,,Amani Phillips,25,1,Kingston College,,7.15mX,9,
Long Jump,Boys,2,Field Event,Jumps,,Omarian Miller,25,4,Kingston College,,6.84mX,5,
Long Jump,Boys,3,Field Event,Jumps,,Daquan Dawkins,25,2,Kingston College,,6.18mX,7,
Long Jump,Boys,3,Field Event,Jumps,,Nahjheir Francis,25,5,Kingston College,,5.83mX,4,
Pole Vault,Boys,Open,Field Event,Jumps,,Isaac Reid,25,4,Kingston College,,3.70mX,5,
Shot Put,Boys,1,Field Event,Throws,,Despiro Wray,25,1,Kingston College,,18.96mX,9,
Shot Put,Boys,2,Field Event,Throws,,Jayden Miller,25,4,Kingston College,,16.81mX,5,
Shot Put,Boys,2,Field Event,Throws,,Yahnothan Hooke,25,12,Kingston College,,11.58mX,0,
Triple Jump,Boys,1,Field Event,Jumps,,Rekelme Hunter,25,5,Kingston College,,14.58mX,4,
Triple Jump,Boys,2,Field Event,Jumps,,Amani Phillips,25,1,Kingston College,,15.66mX,9,
Triple Jump,Boys,2,Field Event,Jumps,,Demario Clarke,25,3,Kingston College,,14.19mX,6,
100 Meter ,Boys,1,Track Event,Sprints,0.5,Rosean Smith,25,4,Lacovia High School,,10.37X,5,
100 Meter ,Girls,1,Track Event,Sprints,0.8,Sabrina Dockery,25,1,Lacovia High School,,11.08X,9,
200 Meter ,Girls,1,Track Event,Spints,-2.3,Sabrina Dockery,25,2,Lacovia High School,,23.63X,7,
400 Meter ,Boys,3,Track Event,Spints,,Nicholas Jones,25,3,Lacovia High School,,50.73X,6,
800 Meter ,Boys,1,Track Event,Middle Distance,,Yoshane Bowen,25,5,Maggotty High School,,1:54.04X,4,
Javelin Throw,Girls,Open,Field Event,Throws,,Princess Dunn,25,4,Maggotty High School,,34.05mX,5,
1500 Meter ,Boys,3,Track Event,Middle Distance,,Kevon Palmer,25,6,Manchester High School,,4:30.39X,3,
400 Meter ,Boys,3,Track Event,Spints,,Keiron Gavin,25,6,Manchester High School,,52.25X,3,
800 Meter ,Boys,3,Track Event,Middle Distance,,Tyrone Turner,25,4,Manchester High School,,2:05.58X,5,
Discus Throw,Girls,1,Field Event,Throws,,Janine Lindsay,25,12,Manchester High School,,44.15mX,0,
High Jump,Boys,2,Field Event,Jumps,,Zackery Nisbett,25,2,Manchester High School,,2.00mX,7,
High Jump,Girls,1,Field Event,Jumps,,Jahmeka Brown,25,4,Manchester High School,,1.70mX,5,
High Jump,Girls,1,Field Event,Jumps,,Janine Lindsay,25,16,Manchester High School,,1.50mX,0,
High Jump,Girls,2,Field Event,Jumps,,Shantay Morris,25,3,Manchester High School,,1.60mX,5,
Javelin Throw,Girls,Open,Field Event,Throws,,Shaniqua Henry,25,9,Manchester High School,,29.67mX,0,
Shot Put,Girls,1,Field Event,Throws,,Bethany Rhoden,25,10,Manchester High School,,11.60mX,0,
Triple Jump,Boys,2,Field Event,Jumps,,Zackery Nisbett,25,10,Manchester High School,,13.59mX,0,
2000 Meter Steeplechase,Girls,Open,Track Event,Middle Distance,,Makayla Hamm,25,11,Marymount High School,,9:29.12X,0,
Discus Throw,Boys,1,Field Event,Throws,,Troy Lyons,25,8,McGrath High School,,49.93mX,1,
High Jump,Girls,2,Field Event,Jumps,,Tatanya Anglin,25,7,Merl Grove High School,,1.60mX,1.5,
Long Jump,Girls,2,Field Event,Jumps,,Dawaynea Lewis,25,11,Merl Grove High School,,4.41mX,0,
400 Meter ,Boys,1,Track Event,Spints,,Kevin Bliss,25,4,Mona High School,,47.01X,5,
100 Meter ,Girls,3,Track Event,Sprints,0,Giana Murray,25,4,Mount Alvernia High School,,11.93X,5,
1500 Meter ,Girls,1,Track Event,Middle Distance,,Chris-Ann Edwards,25,8,Mount Alvernia High School,,4:56.38X,1,
High Jump,Girls,2,Field Event,Jumps,,Malia Housen,25,3,Mount Alvernia High School,,1.60mX,5,
Long Jump,Girls,2,Field Event,Jumps,,Malia Housen,25,9,Mount Alvernia High School,,5.05mX,0,
1500 Meter ,Boys,1,Track Event,Middle Distance,,Tayshawn Williams,25,8,Munro College,,4:10.47X,1,
1500 Meter ,Boys,3,Track Event,Middle Distance,,Demar Robinson,25,11,Munro College,,4:53.25X,0,
400 Meter ,Boys,2,Track Event,Spints,,Oneil Brown,25,4,Munro College,,48.84X,5,
Discus Throw,Boys,1,Field Event,Throws,,Rajeem Streete,25,3,Munro College,,54.50mX,6,
Discus Throw,Boys,1,Field Event,Throws,,Devonte Edwards,25,5,Munro College,,52.24mX,4,
Discus Throw,Boys,2,Field Event,Throws,,Javontae Smith,25,2,Munro College,,56.01mX,7,
Discus Throw,Boys,2,Field Event,Throws,,Brandon Lawrence,25,6,Munro College,,47.04mX,3,
High Jump,Boys,2,Field Event,Jumps,,Selethel Johnson,25,1,Munro College,,2.03mX,9,
High Jump,Boys,2,Field Event,Jumps,,Ainsworth Ferguson,25,8,Munro College,,1.80mX,0.25,
Javelin Throw,Boys,Open,Field Event,Throws,,Ojay Ellis,25,3,Munro College,,60.43mX,6,
Long Jump,Boys,2,Field Event,Jumps,,Ainsworth Ferguson,25,8,Munro College,,6.37mX,1,
Shot Put,Boys,1,Field Event,Throws,,Devonte Edwards,25,2,Munro College,,18.71mX,7,
Shot Put,Boys,1,Field Event,Throws,,Joshua Wright,25,10,Munro College,,13.99mX,0,
Shot Put,Boys,2,Field Event,Throws,,Javontae Smith,25,1,Munro College,,18.81mX,9,
Shot Put,Boys,2,Field Event,Throws,,Brandon Lawrence,25,5,Munro College,,16.47mX,4,
Triple Jump,Boys,2,Field Event,Jumps,,Ainsworth Ferguson,25,9,Munro College,,13.65mX,0,
Triple Jump,Boys,2,Field Event,Jumps,,Selethel Johnson,25,13,Munro College,,13.11mX,0,
100 Meter ,Boys,1,Track Event,Sprints,0.5,Johan-Ramaldo Smythe,25,6,Muschett High School,,10.57X,3,
100 Meter ,Girls,2,Track Event,Sprints,-0.3,Shanoya Douglas,25,1,Muschett High School,,11.32X,9,
200 Meter ,Girls,2,Track Event,Spints,-2.6,Shanoya Douglas,25,1,Muschett High School,,23.30X,9,
High Jump,Girls,1,Field Event,Jumps,,Sherika Edwards,25,,Oberlin High School,,,0,DNS
High Jump,Boys,3,Field Event,Jumps,,Jemie Johnson,25,12,Old Harbour High School,,1.65mX,0,
800 Meter ,Girls,1,Track Event,Middle Distance,,Sabrina Mcdonald,25,7,Papine High School,,2:23.66X,2,
Discus Throw,Boys,2,Field Event,Throws,,Tyrone Henry,25,10,Papine High School,,38.50mX,0,
100 Meter ,Boys,2,Track Event,Sprints,-0.2,Usain Bernard,25,6,Petersfield High School,,10.80X,3,
200 Meter ,Boys,2,Track Event,Spints,-2.4,Usain Bernard,25,1,Petersfield High School,,21.82X,9,
200 Meter ,Boys,2,Track Event,Spints,-2.4,Shadane Lewis,25,5,Petersfield High School,,22.34X,4,
Javelin Throw,Boys,Open,Field Event,Throws,,Ranaldo Anderson,25,4,Petersfield High School,,60.39mX,5,
Long Jump,Boys,1,Field Event,Jumps,,Svein Lawrence,25,2,Petersfield High School,,7.25mX,7,
Long Jump,Boys,2,Field Event,Jumps,,Shadane Lewis,25,7,Petersfield High School,,6.39mX,2,
Shot Put,Boys,1,Field Event,Throws,,Ranaldo Anderson,25,,Petersfield High School,,,0,DNS
110 Meter Hurdles,Boys,1,Track Event,Hurdles,-3.6,Jason Miller,25,8,Port Antonio High School,,14.60X,1,
200 Meter ,Girls,3,Track Event,Spints,-3.5,Kevina Bourne,25,2,Port Antonio High School,,24.20X,7,
800 Meter ,Boys,2,Track Event,Middle Distance,,Tyrece Whyte,25,7,Port Antonio High School,,1:59.82X,2,
High Jump,Girls,1,Field Event,Jumps,,Safia Bennett,25,15,Port Antonio High School,,1.50mX,0,
Long Jump,Boys,1,Field Event,Jumps,,Jason Miller,25,12,Port Antonio High School,,6.28mX,0,
Long Jump,Boys,2,Field Event,Jumps,,Tyrece Mickiel,25,12,Port Antonio High School,,5.98mX,0,
Long Jump,Girls,1,Field Event,Jumps,,Safia Bennett,25,9,Port Antonio High School,,5.30mX,0,
2000 Meter Steeplechase,Girls,Open,Track Event,Middle Distance,,Natricia Hamilton,25,14,Porus High School,,10:08.68X,0,
3000 Meter,Girls,Open,Track Event,Middle Distance,,Jonielle Murphy,25,18,Porus High School,,15:06.12X,0,
2000 Meter Steeplechase,Boys,Open,Track Event,Middle Distance,,Matthew-Phillip Holmes,25,6,Rhodes Hall High School,,6:30.47X,3,
5000 Meter,Boys,Open,Track Event,Long Distance,,Matthew-Phillip Holmes,25,7,Rhodes Hall High School,,16:55.15X,2,
200 Meter ,Boys,3,Track Event,Spints,-2.2,Tiene Barrett,25,5,Rusea's High School,,23.41X,4,
400 Meter ,Boys,3,Track Event,Spints,,Tiene Barrett,25,,Rusea's High School,,,0,FS
100 Meter ,Girls,4,Track Event,Sprints,0.2,Alzeliha Allen,25,5,St. Andrew High for Girls,,12.47X,4,
1500 Meter ,Girls,3,Track Event,Middle Distance,,Jonnelle Davis,25,,St. Andrew High for Girls,,,0,DNF
200 Meter ,Girls,4,Track Event,Spints,-3.1,Alzeliha Allen,25,7,St. Andrew High for Girls,,26.19X,2,
800 Meter ,Girls,3,Track Event,Middle Distance,,Jonnelle Davis,25,7,St. Andrew High for Girls,,2:25.95X,2,
High Jump,Girls,1,Field Event,Jumps,,Shanniqua Williams,25,2,St. Andrew High for Girls,,1.73mX,7,
High Jump,Girls,4,Field Event,Jumps,,Jaan Davis,25,6,St. Andrew High for Girls,,1.55mX,3,
Long Jump,Girls,3,Field Event,Jumps,,Jowana Pennant,25,5,St. Andrew High for Girls,,5.43mX,4,
2000 Meter Steeplechase,Girls,Open,Track Event,Middle Distance,,Monique Holding,25,13,St. Andrew Technical High School,,9:55.45X,0,
200 Meter ,Boys,1,Track Event,Spints,-2.6,Ian Barker,25,6,St. Catherine High School,,21.64X,3,
Discus Throw,Boys,1,Field Event,Throws,,Rajay Hemmings,25,2,St. Catherine High School,,54.61mX,7,
Discus Throw,Boys,2,Field Event,Throws,,Adrian Daley,25,3,St. Catherine High School,,52.84mX,6,
Discus Throw,Girls,1,Field Event,Throws,,Able Mills,25,3,St. Catherine High School,,51.20mX,6,
High Jump,Girls,1,Field Event,Jumps,,Kishauna Francis,25,14,St. Catherine High School,,1.55mX,0,
High Jump,Girls,3,Field Event,Jumps,,Gabrilla Treasure,25,4,St. Catherine High School,,1.60mX,5,
High Jump,Girls,3,Field Event,Jumps,,Tshani Armstrong,25,8,St. Catherine High School,,1.55mX,1,
Long Jump,Girls,1,Field Event,Jumps,,Rohanna Sudlow,25,1,St. Catherine High School,,6.46mX,9,
Long Jump,Girls,2,Field Event,Jumps,,Rihanna Chambers,25,7,St. Catherine High School,,5.26mX,2,
Long Jump,Girls,3,Field Event,Jumps,,Tshani Armstrong,25,9,St. Catherine High School,,5.25mX,0,
Long Jump,Girls,3,Field Event,Jumps,,Gabrilla Treasure,25,12,St. Catherine High School,,4.94mX,0,
Shot Put,Boys,1,Field Event,Throws,,Rajay Hemmings,25,4,St. Catherine High School,,17.84mX,5,
Shot Put,Boys,2,Field Event,Throws,,Adrian Daley,25,3,St. Catherine High School,,17.30mX,6,
Shot Put,Girls,1,Field Event,Throws,,Able Mills,25,2,St. Catherine High School,,13.83mX,7,
100 Meter ,Boys,2,Track Event,Sprints,-0.2,Rodeeki Walters,25,4,St. Elizabeth Technical High School,,10.71X,5,
100 Meter Hurdles,Boys,3,Track Event,Hurdles,-2,De-Shawn Johnson,25,6,St. Elizabeth Technical High School,,13.51X,3,
1500 Meter ,Boys,3,Track Event,Middle Distance,,Dejaun Gray,25,3,St. Elizabeth Technical High School,,4:23.68X,6,
1500 Meter ,Girls,3,Track Event,Middle Distance,,Shameika Dennis,25,3,St. Elizabeth Technical High School,,4:47.89X,6,
200 Meter ,Girls,1,Track Event,Spints,-2.3,Rihana Allen,25,7,St. Elizabeth Technical High School,,24.32X,2,
3000 Meter,Girls,Open,Track Event,Middle Distance,,Tishna Waugh,25,14,St. Elizabeth Technical High School,,12:23.57X,0,
400 Meter Hurdles,Girls,Open,Track Event,Hurdles,,Chennai Jarrett,25,7,St. Elizabeth Technical High School,,1:00.61X,2,
70 Meter Hurdles,Girls,4,Track Event,Hurdles,-1.8,Ramona Foster,25,3,St. Elizabeth Technical High School,,10.97X,6,
800 Meter ,Boys,1,Track Event,Middle Distance,,Joaqueem Miller,25,8,St. Elizabeth Technical High School,,1:56.18X,1,
800 Meter ,Boys,3,Track Event,Middle Distance,,Dejaun Gray,25,6,St. Elizabeth Technical High School,,2:07.70X,3,
800 Meter ,Girls,1,Track Event,Middle Distance,,Shavanecia Griffiths,25,6,St. Elizabeth Technical High School,,2:21.94X,3,
800 Meter ,Girls,1,Track Event,Middle Distance,,Chennai Jarrett,25,8,St. Elizabeth Technical High School,,2:47.49X,1,
800 Meter ,Girls,3,Track Event,Middle Distance,,Shameika Dennis,25,6,St. Elizabeth Technical High School,,2:24.78X,3,
Discus Throw,Girls,2,Field Event,Throws,,Davieka Lewis,25,4,St. Elizabeth Technical High School,,40.62mX,5,
Discus Throw,Girls,2,Field Event,Throws,,Jada Clarke,25,10,St. Elizabeth Technical High School,,28.59mX,0,
Discus Throw,Girls,3,Field Event,Throws,,Tauntyae Sherman,25,1,St. Elizabeth Technical High School,,38.25mX,9,
Discus Throw,Girls,3,Field Event,Throws,,Belance Bennett,25,11,St. Elizabeth Technical High School,,28.87mX,0,
High Jump,Boys,2,Field Event,Jumps,,Jelani Witter,25,12,St. Elizabeth Technical High School,,1.80mX,0,
High Jump,Boys,3,Field Event,Jumps,,Shavoy Stewart,25,10,St. Elizabeth Technical High School,,1.70mX,0,
High Jump,Girls,1,Field Event,Jumps,,Chloe Palmer,25,11,St. Elizabeth Technical High School,,1.55mX,0,
Long Jump,Boys,2,Field Event,Jumps,,Rodeeki Walters,25,2,St. Elizabeth Technical High School,,7.09mX,7,
Long Jump,Boys,2,Field Event,Jumps,,Jabari Garwood,25,10,St. Elizabeth Technical High School,,6.20mX,0,
Long Jump,Boys,3,Field Event,Jumps,,Shavoy Stewart,25,12,St. Elizabeth Technical High School,,5.46mX,0,
Long Jump,Girls,1,Field Event,Jumps,,Chloe Palmer,25,2,St. Elizabeth Technical High School,,6.26mX,7,
Long Jump,Girls,4,Field Event,Jumps,,Anastacia Richards,25,1,St. Elizabeth Technical High School,,5.49mX,9,
Shot Put,Girls,2,Field Event,Throws,,Jada Clarke,25,6,St. Elizabeth Technical High School,,12.63mX,3,
Shot Put,Girls,2,Field Event,Throws,,Davieka Lewis,25,11,St. Elizabeth Technical High School,,11.80mX,0,
Triple Jump,Boys,1,Field Event,Jumps,,Ricoy Hunter,25,6,St. Elizabeth Technical High School,,14.57mX,3,
Triple Jump,Boys,1,Field Event,Jumps,,Jowayne Johnson,25,9,St. Elizabeth Technical High School,,14.14mX,0,
Triple Jump,Girls,Open,Field Event,Jumps,,Chloe Palmer,25,4,St. Elizabeth Technical High School,,12.71mX,5,
Triple Jump,Girls,Open,Field Event,Jumps,,Chrystal Salmon,25,,St. Elizabeth Technical High School,,,0,Foul
100 Meter ,Boys,1,Track Event,Sprints,0.5,Tyreece Foreman,25,2,St. Georges College,,10.29X,7,
100 Meter ,Boys,2,Track Event,Sprints,-0.2,Naethan Bryan,25,8,St. Georges College,,25.27X,1,
100 Meter ,Boys,3,Track Event,Sprints,0,Amarii Walker,25,4,St. Georges College,,11.26X,5,
100 Meter Hurdles,Boys,3,Track Event,Hurdles,-2,Taishawn Reynolds,25,5,St. Georges College,,13.50X,4,
200 Meter ,Boys,1,Track Event,Spints,-2.6,Tyreece Foreman,25,4,St. Georges College,,21.56X,5,
400 Meter Hurdles,Boys,1,Track Event,Hurdles,,Fransico Williams,25,3,St. Georges College,,51.14X,6,
5000 Meter,Boys,Open,Track Event,Long Distance,,Jordan Mills,25,4,St. Georges College,,16:40.37X,5,
Discus Throw,Girls,2,Field Event,Throws,,Danielle Downer,25,11,St. Hugh's High for Girls,,25.91mX,0,
100 Meter ,Boys,3,Track Event,Sprints,0,Jevaney Findlay,25,2,St. Jago High School,,10.67X,7,
100 Meter ,Boys,3,Track Event,Sprints,0,Rajaun Romelly,25,3,St. Jago High School,,10.87X,6,
100 Meter ,Girls,2,Track Event,Sprints,-0.3,Adora Campbell,25,3,St. Jago High School,,11.66X,6,
100 Meter ,Girls,2,Track Event,Sprints,-0.3,Malayia Duncan,25,6,St. Jago High School,,11.90X,3,
100 Meter ,Girls,3,Track Event,Sprints,0,Shannia Campbell,25,1,St. Jago High School,,11.62X,9,
100 Meter ,Girls,3,Track Event,Sprints,0,Trecia-Ann Grant,25,6,St. Jago High School,,11.99X,3,
100 Meter Hurdles,Boys,3,Track Event,Hurdles,-2,Jaun Tae Halliman,25,7,St. Jago High School,,13.52X,2,
100 Meter Hurdles,Girls,1,Track Event,Hurdles,-1.3,Bryana Davidson,25,4,St. Jago High School,,13.90X,5,
100 Meter Hurdles,Girls,2,Track Event,Hurdles,-2.5,Adora Campbell,25,4,St. Jago High School,,14.35X,5,
100 Meter Hurdles,Girls,2,Track Event,Hurdles,-2.5,Malayia Duncan,25,,St. Jago High School,,,0,FS
110 Meter Hurdles,Boys,1,Track Event,Hurdles,-3.6,Romario Jibbison,25,4,St. Jago High School,,14.05X,5,
110 Meter Hurdles,Boys,1,Track Event,Hurdles,-3.6,Brandon Harris,25,5,St. Jago High School,,14.25X,4,
110 Meter Hurdles,Boys,2,Track Event,Hurdles,-1.9,Marquies Page,25,2,St. Jago High School,,13.71X,7,
110 Meter Hurdles,Boys,2,Track Event,Hurdles,-1.9,Raneil Burke,25,7,St. Jago High School,,14.29X,2,
1500 Meter ,Boys,1,Track Event,Middle Distance,,Ryan Achau,25,4,St. Jago High School,,4:00.01X,5,
1500 Meter ,Boys,2,Track Event,Middle Distance,,Cory Christie,25,8,St. Jago High School,,4:18.87X,1,
1500 Meter ,Boys,2,Track Event,Middle Distance,,Phillip Palmer,25,9,St. Jago High School,,4:20.74X,0,
1500 Meter ,Boys,3,Track Event,Middle Distance,,Javaughne Tyrell,25,,St. Jago High School,,,0,DQ
1500 Meter ,Girls,2,Track Event,Middle Distance,,Kededra Coombs,25,6,St. Jago High School,,4:54.50X,3,
1500 Meter ,Girls,2,Track Event,Middle Distance,,Jada Fletcher,25,9,St. Jago High School,,5:17.14X,0,
2000 Meter Steeplechase,Boys,Open,Track Event,Middle Distance,,Daniel Pennant,25,,St. Jago High School,,,0,DNF
200 Meter ,Boys,3,Track Event,Spints,-2.2,Rajaun Romelly,25,1,St. Jago High School,,22.57X,9,
200 Meter ,Boys,3,Track Event,Spints,-2.2,Jevaney Findlay,25,2,St. Jago High School,,23.03X,7,
200 Meter ,Girls,3,Track Event,Spints,-3.5,Shannia Campbell,25,1,St. Jago High School,,24.15X,9,
200 Meter ,Girls,3,Track Event,Spints,-3.5,Trecia-Ann Grant,25,8,St. Jago High School,,25.15X,1,
400 Meter ,Boys,2,Track Event,Spints,,Rushaine Richards,25,6,St. Jago High School,,49.13X,3,
400 Meter ,Boys,3,Track Event,Spints,,Khieme Campbell,25,4,St. Jago High School,,50.73X,5,
400 Meter ,Boys,3,Track Event,Spints,,Jaydon Gordon,25,5,St. Jago High School,,51.98X,4,
400 Meter ,Girls,3,Track Event,Spints,,Jamilia Alves,25,6,St. Jago High School,,57.65X,3,
400 Meter Hurdles,Boys,1,Track Event,Hurdles,,Brandon Harris,25,4,St. Jago High School,,51.41X,5,
400 Meter Hurdles,Boys,2,Track Event,Hurdles,,Raneil Burke,25,2,St. Jago High School,,53.57X,7,
400 Meter Hurdles,Boys,2,Track Event,Hurdles,,Roshaun Ramsay,25,5,St. Jago High School,,54.48X,4,
400 Meter Hurdles,Girls,Open,Track Event,Hurdles,,Quana Walker,25,8,St. Jago High School,,1:01.61X,1,
5000 Meter,Boys,Open,Track Event,Long Distance,,Ryan Achau,25,1,St. Jago High School,,15:12.50X,9,
70 Meter Hurdles,Girls,4,Track Event,Hurdles,-1.8,Shanice Williams,25,1,St. Jago High School,,10.60X,9,
70 Meter Hurdles,Girls,4,Track Event,Hurdles,-1.8,Ashley Allen,25,6,St. Jago High School,,11.05X,3,
800 Meter ,Boys,3,Track Event,Middle Distance,,Khieme Campbell,25,1,St. Jago High School,,2:03.07X,9,
800 Meter ,Girls,2,Track Event,Middle Distance,,Kededra Coombs,25,7,St. Jago High School,,2:19.81X,2,
800 Meter ,Girls,2,Track Event,Middle Distance,,Jada Fletcher,25,8,St. Jago High School,,2:28.16X,1,
80 Meter Hurdles,Girls,3,Track Event,Hurdles,-3.7,Martina Parkes,25,2,St. Jago High School,,11.31X,7,
Discus Throw,Girls,1,Field Event,Throws,,Rehanna Biggs,25,6,St. Jago High School,,47.24mX,3,
Discus Throw,Girls,3,Field Event,Throws,,Savannah Mckenzie,25,9,St. Jago High School,,32.72mX,0,
High Jump,Boys,2,Field Event,Jumps,,Nikaro Johnson,25,5,St. Jago High School,,1.85mX,4,
High Jump,Boys,3,Field Event,Jumps,,Tevin Wilson,25,9,St. Jago High School,,1.70mX,0,
High Jump,Boys,3,Field Event,Jumps,,Cajay Burnett,25,10,St. Jago High School,,1.70mX,0,
High Jump,Girls,2,Field Event,Jumps,,Alexia Williams,25,6,St. Jago High School,,1.60mX,3,
High Jump,Girls,3,Field Event,Jumps,,Brianna Stewart,25,2,St. Jago High School,,1.65mX,7,
High Jump,Girls,4,Field Event,Jumps,,Shennoya Ferguson,25,7,St. Jago High School,,1.55mX,2,
High Jump,Girls,4,Field Event,Jumps,,Jahzara Gray,25,10,St. Jago High School,,1.45mX,0,
Javelin Throw,Girls,Open,Field Event,Throws,,Jenne Williams,25,10,St. Jago High School,,27.53mX,0,
Long Jump,Boys,2,Field Event,Jumps,,Winaldo Faulknor,25,6,St. Jago High School,,6.70mX,3,
Long Jump,Boys,3,Field Event,Jumps,,Tevin Wilson,25,6,St. Jago High School,,5.82mX,3,
Long Jump,Boys,3,Field Event,Jumps,,Leonardo Green,25,9,St. Jago High School,,5.70mX,0,
Long Jump,Girls,1,Field Event,Jumps,,Jade-Ann Dawkins,25,3,St. Jago High School,,5.80mX,6,
Long Jump,Girls,2,Field Event,Jumps,,Jenella Canns,25,3,St. Jago High School,,5.55mX,6,
Long Jump,Girls,3,Field Event,Jumps,,Brianna Stewart,25,7,St. Jago High School,,5.30mX,2,
Long Jump,Girls,4,Field Event,Jumps,,Shennoya Ferguson,25,10,St. Jago High School,,4.69mX,0,
Pole Vault,Boys,Open,Field Event,Jumps,,Tray Barrett,25,3,St. Jago High School,,3.70mX,6,
Shot Put,Girls,1,Field Event,Throws,,Rehanna Biggs,25,11,St. Jago High School,,10.64mX,0,
Shot Put,Girls,2,Field Event,Throws,,Jessica Thompson,25,4,St. Jago High School,,12.95mX,5,
Triple Jump,Boys,2,Field Event,Jumps,,Winaldo Faulknor,25,5,St. Jago High School,,13.85mX,4,
Triple Jump,Boys,2,Field Event,Jumps,,Kemar James,25,7,St. Jago High School,,13.70mX,2,
Triple Jump,Girls,Open,Field Event,Jumps,,Jade-Ann Dawkins,25,1,St. Jago High School,,13.11mX,9,
Triple Jump,Girls,Open,Field Event,Jumps,,Alexia Williams,25,9,St. Jago High School,,11.20mX,0,
100 Meter ,Girls,1,Track Event,Sprints,0.8,Tianna Rhoomes,25,8,St. Mary High School,,11.83X,1,
100 Meter ,Girls,2,Track Event,Sprints,-0.3,Kaliesha Bell,25,7,St. Mary High School,,11.98X,2,
100 Meter ,Girls,3,Track Event,Sprints,0,Shayon Smith,25,2,St. Mary High School,,11.82X,7,
2000 Meter Steeplechase,Girls,Open,Track Event,Middle Distance,,Jayda Minott,25,8,St. Mary High School,,8:30.83X,1,
200 Meter ,Girls,3,Track Event,Spints,-3.5,Shayon Smith,25,5,St. Mary High School,,24.77X,4,
800 Meter ,Boys,2,Track Event,Middle Distance,,Rasheed Grant,25,3,St. Mary High School,,1:56.72X,6,
High Jump,Girls,1,Field Event,Jumps,,Kimeisha Francis,25,7,St. Mary High School,,1.65mX,2,
High Jump,Girls,3,Field Event,Jumps,,Sackoya Palmer,25,1,St. Mary High School,,1.65mX,9,
Javelin Throw,Girls,Open,Field Event,Throws,,Jenniel Eccleston,25,6,St. Mary High School,,31.78mX,3,
Long Jump,Boys,1,Field Event,Jumps,,Tonies King,25,3,St. Mary High School,,7.14mX,6,
Long Jump,Girls,3,Field Event,Jumps,,Sackoya Palmer,25,3,St. Mary High School,,5.55mX,6,
100 Meter ,Boys,1,Track Event,Sprints,0.5,Kenrick Sharpe,25,8,St. Mary Technical High School,,18.58X,1,
100 Meter ,Girls,4,Track Event,Sprints,0.2,Dehjanae Stephens,25,3,St. Mary Technical High School,,12.39X,6,
200 Meter ,Girls,4,Track Event,Spints,-3.1,Dehjanae Stephens,25,5,St. Mary Technical High School,,25.81X,4,
100 Meter Hurdles,Boys,3,Track Event,Hurdles,-2,Khejaun Seabourne,25,8,St. Mary's College,,13.82X,1,
3000 Meter,Girls,Open,Track Event,Middle Distance,,Rianna Lemard,25,13,St. Mary's College,,12:17.78X,0,
5000 Meter,Boys,Open,Track Event,Long Distance,,Joshua Lawrence,25,13,St. Mary's College,,17:57.01X,0,
Long Jump,Boys,3,Field Event,Jumps,,Khejaun Seabourne,25,10,St. Mary's College,,5.65mX,0,
High Jump,Boys,1,Field Event,Jumps,,Kadray Comrie,25,,St. Thomas Technical High Scho,,,0,NH
1500 Meter ,Boys,2,Track Event,Middle Distance,,Luke Plummer,25,2,Sydney Pagon Stem Academy,,4:12.94X,7,
1500 Meter ,Boys,3,Track Event,Middle Distance,,Tyrone Morgan,25,10,Sydney Pagon Stem Academy,,4:37.55X,0,
1500 Meter ,Girls,3,Track Event,Middle Distance,,Alexia Palmer,25,2,Sydney Pagon Stem Academy,,4:46.89X,7,
3000 Meter,Girls,Open,Track Event,Middle Distance,,Annataseca Blackwood,25,8,Sydney Pagon Stem Academy,,11:50.20X,1,
400 Meter ,Girls,3,Track Event,Spints,,Kamoya Graham,25,7,Sydney Pagon Stem Academy,,57.90X,2,
800 Meter ,Boys,2,Track Event,Middle Distance,,Luke Plummer,25,2,Sydney Pagon Stem Academy,,1:56.39X,7,
800 Meter ,Girls,2,Track Event,Middle Distance,,Denae Hodges,25,4,Sydney Pagon Stem Academy,,2:16.13X,5,
800 Meter ,Girls,3,Track Event,Middle Distance,,Alexia Palmer,25,4,Sydney Pagon Stem Academy,,2:24.52X,5,
Shot Put,Boys,1,Field Event,Throws,,Dwight Fraser,25,9,Sydney Pagon Stem Academy,,14.57mX,0,
1500 Meter ,Girls,1,Track Event,Middle Distance,,Hannah Charles,25,6,The Queen's School,,4:49.18X,3,
1500 Meter ,Girls,2,Track Event,Middle Distance,,Keyah Anderson,25,5,The Queen's School,,4:53.88X,4,
2000 Meter Steeplechase,Girls,Open,Track Event,Middle Distance,,Ashana Bonnick,25,10,The Queen's School,,9:10.44X,0,
2000 Meter Steeplechase,Girls,Open,Track Event,Middle Distance,,Tanika James,25,,The Queen's School,,,0,DNS
3000 Meter,Girls,Open,Track Event,Middle Distance,,Hannah Charles,25,9,The Queen's School,,11:53.62X,0,
3000 Meter,Girls,Open,Track Event,Middle Distance,,Ashana Bonnick,25,15,The Queen's School,,13:21.41X,0,
400 Meter ,Girls,3,Track Event,Spints,,Priscilla Johnson,25,8,The Queen's School,,58.91X,1,
1500 Meter ,Boys,3,Track Event,Middle Distance,,Rhondrae Simpson,25,9,Titchfield High School,,4:36.55X,0,
5000 Meter,Boys,Open,Track Event,Long Distance,,Escott Beckford,25,10,Titchfield High School,,17:16.05X,0,
800 Meter ,Boys,1,Track Event,Middle Distance,,Shavan Jarrett,25,1,Titchfield High School,,1:50.40X,9,
High Jump,Boys,2,Field Event,Jumps,,Rajae Williams,25,3,Titchfield High School,,1.90mX,6,
Javelin Throw,Boys,Open,Field Event,Throws,,Ruel Martin,25,12,Titchfield High School,,44.31mX,0,
Triple Jump,Boys,1,Field Event,Jumps,,Ajarie Bloomfield,25,3,Titchfield High School,,14.93mX,6,
Triple Jump,Boys,2,Field Event,Jumps,,Rajae Williams,25,8,Titchfield High School,,13.69mX,1,
Triple Jump,Girls,Open,Field Event,Jumps,,Amanda Codrington,25,10,Titchfield High School,,11.11mX,0,
100 Meter ,Girls,2,Track Event,Sprints,-0.3,Pasha Gaye Forrester,25,,Vere Technical High School,,,0,DNS
100 Meter ,Girls,4,Track Event,Sprints,0.2,Danae Bartley,25,2,Vere Technical High School,,12.35X,7,
110 Meter Hurdles,Boys,2,Track Event,Hurdles,-1.9,Shawn Palmer,25,5,Vere Technical High School,,14.19X,4,
1500 Meter ,Girls,1,Track Event,Middle Distance,,Ashara Frater,25,3,Vere Technical High School,,4:38.56X,6,
1500 Meter ,Girls,3,Track Event,Middle Distance,,Driana Frater,25,7,Vere Technical High School,,5:01.33X,2,
200 Meter ,Boys,1,Track Event,Spints,-2.6,Omar James,25,5,Vere Technical High School,,21.57X,4,
200 Meter ,Girls,2,Track Event,Spints,-2.6,Jesena Williams,25,8,Vere Technical High School,,25.13X,1,
200 Meter ,Girls,4,Track Event,Spints,-3.1,Danae Bartley,25,2,Vere Technical High School,,25.50X,7,
3000 Meter,Girls,Open,Track Event,Middle Distance,,Ashara Frater,25,2,Vere Technical High School,,10:16.97X,7,
400 Meter ,Girls,1,Track Event,Spints,,Shevaughn Thomas,25,8,Vere Technical High School,,55.74X,1,
400 Meter ,Girls,2,Track Event,Spints,,Jesena Williams,25,6,Vere Technical High School,,55.54X,3,
400 Meter Hurdles,Boys,2,Track Event,Hurdles,,Shawn Palmer,25,4,Vere Technical High School,,54.29X,5,
400 Meter Hurdles,Girls,Open,Track Event,Hurdles,,Shevaughn Thomas,25,4,Vere Technical High School,,59.24X,5,
Discus Throw,Girls,1,Field Event,Throws,,Ramona Freemantle,25,5,Vere Technical High School,,48.21mX,4,
Discus Throw,Girls,3,Field Event,Throws,,Lakaila Flemmings,25,3,Vere Technical High School,,35.69mX,6,
Discus Throw,Girls,3,Field Event,Throws,,Andrea Irving,25,4,Vere Technical High School,,35.02mX,5,
High Jump,Girls,1,Field Event,Jumps,,Ameila Montaque,25,6,Vere Technical High School,,1.65mX,3,
High Jump,Girls,1,Field Event,Jumps,,Shanoya Scott,25,8,Vere Technical High School,,1.60mX,0.5,
High Jump,Girls,2,Field Event,Jumps,,Kijonna Lee,25,2,Vere Technical High School,,1.65mX,7,
High Jump,Girls,2,Field Event,Jumps,,Nastascia Collins,25,,Vere Technical High School,,,0,NH
Javelin Throw,Girls,Open,Field Event,Throws,,Ramona Freemantle,25,3,Vere Technical High School,,39.37mX,6,
Long Jump,Girls,1,Field Event,Jumps,,Brianna Sawyers-Cross,25,,Vere Technical High School,,,0,Foul
Long Jump,Girls,2,Field Event,Jumps,,Kecia King,25,10,Vere Technical High School,,5.03mX,0,
Long Jump,Girls,3,Field Event,Jumps,,Jenoya Mesquito,25,8,Vere Technical High School,,5.29mX,1,
Shot Put,Boys,1,Field Event,Throws,,Christopher Orridge,25,8,Vere Technical High School,,14.63mX,1,
Triple Jump,Girls,Open,Field Event,Jumps,,Martina Moxam,25,8,Vere Technical High School,,11.25mX,1,
110 Meter Hurdles,Boys,2,Track Event,Hurdles,-1.9,O??Hea Johnson,25,6,William Knibb Memorial High School,,14.28X,3,
1500 Meter ,Boys,2,Track Event,Middle Distance,,Thywaine Sterling,25,1,William Knibb Memorial High School,,4:06.24X,9,
2000 Meter Steeplechase,Boys,Open,Track Event,Middle Distance,,Aldaine Brown,25,8,William Knibb Memorial High School,,6:40.33X,1,
200 Meter ,Boys,1,Track Event,Spints,-2.6,Sanjay Seymore,25,1,William Knibb Memorial High School,,21.27X,9,
200 Meter ,Boys,3,Track Event,Spints,-2.2,Lynford Mckenzie,25,8,William Knibb Memorial High School,,23.91X,1,
400 Meter ,Boys,1,Track Event,Spints,,Jabari Matheson,25,,William Knibb Memorial High School,,,0,DNS
800 Meter ,Boys,2,Track Event,Middle Distance,,Thywaine Sterling,25,1,William Knibb Memorial High School,,1:54.88X,9,
High Jump,Girls,1,Field Event,Jumps,,Cheyenne Cooper,25,8,William Knibb Memorial High School,,1.60mX,0.5,
High Jump,Girls,2,Field Event,Jumps,,Kewana Peterkin,25,,William Knibb Memorial High School,,,0,NH
Long Jump,Girls,1,Field Event,Jumps,,Cheyenne Cooper,25,8,William Knibb Memorial High School,,5.43mX,1,
100 Meter ,Boys,1,Track Event,Sprints,0.5,Gary Card,25,1,Wolmer's Boys' School,,10.28X,9,
100 Meter ,Boys,3,Track Event,Sprints,0,Ajani Lumley,25,5,Wolmer's Boys' School,,11.27X,4,
1500 Meter ,Boys,3,Track Event,Middle Distance,,Alfario Cunningham,25,4,Wolmer's Boys' School,,4:27.53X,5,
400 Meter ,Boys,3,Track Event,Spints,,Antonio Mcgregor,25,7,Wolmer's Boys' School,,52.36X,2,
400 Meter Hurdles,Boys,2,Track Event,Hurdles,,Daniel Saunders,25,7,Wolmer's Boys' School,,56.51X,2,
800 Meter ,Boys,3,Track Event,Middle Distance,,Alfario Cunningham,25,2,Wolmer's Boys' School,,2:04.61X,7,
High Jump,Boys,1,Field Event,Jumps,,David Douglas,25,4,Wolmer's Boys' School,,2.00mX,5,
High Jump,Boys,1,Field Event,Jumps,,Kabiki Thomas,25,6,Wolmer's Boys' School,,1.90mX,2.5,
High Jump,Boys,2,Field Event,Jumps,,Roshane Francis,25,8,Wolmer's Boys' School,,1.80mX,0.25,
High Jump,Boys,3,Field Event,Jumps,,Marques Yeard,25,6,Wolmer's Boys' School,,1.75mX,3,
Long Jump,Boys,1,Field Event,Jumps,,Edward Sterling,25,6,Wolmer's Boys' School,,6.85mX,3,
Long Jump,Boys,1,Field Event,Jumps,,Nicardo Grey-Clarke,25,8,Wolmer's Boys' School,,6.68mX,1,
Long Jump,Boys,2,Field Event,Jumps,,Roshane Francis,25,9,Wolmer's Boys' School,,6.36mX,0,
Long Jump,Boys,3,Field Event,Jumps,,Zackkari Brown,25,4,Wolmer's Boys' School,,5.84mX,5,
Pole Vault,Boys,Open,Field Event,Jumps,,Yewan Milligan,25,5,Wolmer's Boys' School,,3.40mX,4,
Pole Vault,Boys,Open,Field Event,Jumps,,Anthony Dane Cooke,25,7,Wolmer's Boys' School,,3.20mX,2,
Triple Jump,Boys,1,Field Event,Jumps,,Nicardo Grey-Clarke,25,8,Wolmer's Boys' School,,14.25mX,1,
Triple Jump,Boys,1,Field Event,Jumps,,David Douglas,25,10,Wolmer's Boys' School,,13.93mX,0,
Triple Jump,Boys,2,Field Event,Jumps,,Roshane Francis,25,12,Wolmer's Boys' School,,13.31mX,0,
100 Meter ,Girls,1,Track Event,Sprints,0.8,Abigail Wolfe,25,5,Wolmer's Trust High School For Girls,,11.63X,4,
100 Meter ,Girls,2,Track Event,Sprints,-0.3,Natrece East,25,2,Wolmer's Trust High School For Girls,,11.59X,7,
100 Meter Hurdles,Girls,2,Track Event,Hurdles,-2.5,Tiana Marshall,25,1,Wolmer's Trust High School For Girls,,13.71X,9,
100 Meter Hurdles,Girls,2,Track Event,Hurdles,-2.5,Akeelah Bell,25,2,Wolmer's Trust High School For Girls,,13.95X,7,
1500 Meter ,Girls,1,Track Event,Middle Distance,,Jeneail Henry,25,10,Wolmer's Trust High School For Girls,,5:07.19X,0,
200 Meter ,Girls,2,Track Event,Spints,-2.6,Natrece East,25,2,Wolmer's Trust High School For Girls,,24.05X,7,
3000 Meter,Girls,Open,Track Event,Middle Distance,,Jeneail Henry,25,10,Wolmer's Trust High School For Girls,,11:55.04X,0,
70 Meter Hurdles,Girls,4,Track Event,Hurdles,-1.8,Odainna Creary,25,2,Wolmer's Trust High School For Girls,,10.75X,7,
80 Meter Hurdles,Girls,3,Track Event,Hurdles,-3.7,Jadea Harris,25,3,Wolmer's Trust High School For Girls,,11.55X,6,
Discus Throw,Girls,2,Field Event,Throws,,Bethany Thomas,25,6,Wolmer's Trust High School For Girls,,37.58mX,3,
High Jump,Girls,1,Field Event,Jumps,,Daneille Noble,25,1,Wolmer's Trust High School For Girls,,1.80mX,9,
High Jump,Girls,2,Field Event,Jumps,,Ashley Kentish,25,,Wolmer's Trust High School For Girls,,,0,NH
High Jump,Girls,3,Field Event,Jumps,,Kariecia Morrison,25,5,Wolmer's Trust High School For Girls,,1.60mX,4,
High Jump,Girls,3,Field Event,Jumps,,Jadea Harris,25,7,Wolmer's Trust High School For Girls,,1.55mX,2,
High Jump,Girls,4,Field Event,Jumps,,Shaneil Whyte,25,4,Wolmer's Trust High School For Girls,,1.61mX,5,
Long Jump,Girls,1,Field Event,Jumps,,Janielle Lowe,25,10,Wolmer's Trust High School For Girls,,5.03mX,0,
Long Jump,Girls,4,Field Event,Jumps,,De-Asia Segree,25,8,Wolmer's Trust High School For Girls,,4.82mX,1,
Long Jump,Girls,4,Field Event,Jumps,,Odainna Creary,25,12,Wolmer's Trust High School For Girls,,4.29mX,0,
Shot Put,Girls,2,Field Event,Throws,,Bethany Thomas,25,2,Wolmer's Trust High School For Girls,,13.19mX,7,
Triple Jump,Girls,Open,Field Event,Jumps,,Lutonya Shelton,25,,Wolmer's Trust High School For Girls,,,0,Foul
1600 Meter Sprint Medley,Girls,Open,Track Event,Relay,,Alphansus Davis High School,25,2,Alphansus Davis High School,,04:09.7,10,
4X400 Meter Relay,Girls,Open,Track Event,Relay,,Alphansus Davis High School,25,6,Alphansus Davis High School,,03:42.6,4,
4X100 Meter Relay,Boys,3,Track Event,Relay,,Calabar High School,25,2,Calabar High School,,42.95,10,
4X400 Meter Relay,Boys,Open,Track Event,Relay,,Calabar High School,25,2,Calabar High School,,03:08.6,10,
4X100 Meter Relay,Boys,1,Track Event,Relay,,Calabar High School,25,,Calabar High School,,,0,DQ
1600 Meter Sprint Medley,Boys,Open,Track Event,Relay,,Calabar High School,25,,Calabar High School,,,0,DQ
4X100 Meter Relay,Boys,2,Track Event,Relay,,Calabar High School,25,2,Calabar High School,,40.9,10,
4X100 Meter Relay,Girls,4,Track Event,Relay,,Convent of Mercy Academy (Alpha),25,2,Convent of Mercy Academy (Alpha),,48.56,10,
4X100 Meter Relay,Girls,3,Track Event,Relay,,Convent of Mercy Academy (Alpha),25,6,Convent of Mercy Academy (Alpha),,47.61,4,
4X400 Meter Relay,Boys,Open,Track Event,Relay,,Cornwall College,25,7,Cornwall College,,03:21.5,3,
4X100 Meter Relay,Girls,1,Track Event,Relay,,Edwin Allen High School,25,2,Edwin Allen High School,,44.62,10,
1600 Meter Sprint Medley,Girls,Open,Track Event,Relay,,Edwin Allen High School,25,1,Edwin Allen High School,,04:04.6,12,
4X400 Meter Relay,Girls,Open,Track Event,Relay,,Edwin Allen High School,25,2,Edwin Allen High School,,03:38.8,10,
4X100 Meter Relay,Girls,4,Track Event,Relay,,Edwin Allen High School,25,1,Edwin Allen High School,,47.83,12,
4X100 Meter Relay,Girls,3,Track Event,Relay,,Edwin Allen High School,25,,Edwin Allen High School,,,0,DNF
4X100 Meter Relay,Boys,3,Track Event,Relay,,Edwin Allen High School,25,6,Edwin Allen High School,,44.92,4,
4X400 Meter Relay,Boys,Open,Track Event,Relay,,Edwin Allen High School,25,,Edwin Allen High School,,,0,DNF
4X100 Meter Relay,Girls,2,Track Event,Relay,,Edwin Allen High School,25,5,Edwin Allen High School,,46.87,5,
4X100 Meter Relay,Boys,1,Track Event,Relay,,Edwin Allen High School,25,4,Edwin Allen High School,,40.1,6,
1600 Meter Sprint Medley,Boys,Open,Track Event,Relay,,Edwin Allen High School,25,5,Edwin Allen High School,,03:34.4,5,
4X100 Meter Relay,Boys,2,Track Event,Relay,,Edwin Allen High School,25,6,Edwin Allen High School,,42.18,4,
4X100 Meter Relay,Girls,1,Track Event,Relay,,Excelsior High School,25,5,Excelsior High School,,46.05,5,
4X400 Meter Relay,Boys,Open,Track Event,Relay,,Excelsior High School,25,6,Excelsior High School,,03:12.4,4,
4X100 Meter Relay,Boys,1,Track Event,Relay,,Excelsior High School,25,2,Excelsior High School,,39.83,10,
4X100 Meter Relay,Girls,3,Track Event,Relay,,Ferncourt High School,25,7,Ferncourt High School,,48.54,3,
4X100 Meter Relay,Girls,1,Track Event,Relay,,Holmwood Technical High School,25,3,Holmwood Technical High School,,44.73,8,
1600 Meter Sprint Medley,Girls,Open,Track Event,Relay,,Holmwood Technical High School,25,,Holmwood Technical High School,,,0,DQ
4X400 Meter Relay,Girls,Open,Track Event,Relay,,Holmwood Technical High School,25,3,Holmwood Technical High School,,03:38.8,8,
4X100 Meter Relay,Girls,3,Track Event,Relay,,Holmwood Technical High School,25,2,Holmwood Technical High School,,46.84,10,
4X400 Meter Relay,Boys,Open,Track Event,Relay,,Holmwood Technical High School,25,4,Holmwood Technical High School,,03:10.8,6,
4X100 Meter Relay,Girls,2,Track Event,Relay,,Holmwood Technical High School,25,4,Holmwood Technical High School,,46.75,6,
1600 Meter Sprint Medley,Boys,Open,Track Event,Relay,,Holmwood Technical High School,25,4,Holmwood Technical High School,,03:33.9,6,
4X100 Meter Relay,Girls,1,Track Event,Relay,,Hydel High School,25,1,Hydel High School,,44.55,12,
1600 Meter Sprint Medley,Girls,Open,Track Event,Relay,,Hydel High School,25,3,Hydel High School,,04:09.8,8,
4X400  Meter Relay,Girls,Open,Track Event,Relay,,Hydel High School,25,1,Hydel High School,,03:33.9,12,
4X100 Meter Relay,Girls,4,Track Event,Relay,,Hydel High School,25,8,Hydel High School,,52.74,2,
4X100 Meter Relay,Girls,3,Track Event,Relay,,Hydel High School,25,3,Hydel High School,,47.02,8,
4X100 Meter Relay,Girls,2,Track Event,Relay,,Hydel High School,25,2,Hydel High School,,45.63,10,
4X400 Meter Relay,Girls,Open,Track Event,Relay,,Immaculate Conception,25,4,Immaculate Conception,,03:41.8,6,
4X100 Meter Relay,Girls,4,Track Event,Relay,,Immaculate Conception,25,7,Immaculate Conception,,48.99,3,
4X100 Meter Relay,Girls,2,Track Event,Relay,,Immaculate Conception,25,6,Immaculate Conception,,47.03,4,
4X100 Meter Relay,Boys,3,Track Event,Relay,,Jamaica College,25,5,Jamaica College,,44.84,5,
4X400 Meter Relay,Boys,Open,Track Event,Relay,,Jamaica College,25,3,Jamaica College,,03:08.6,8,
4X100 Meter Relay,Boys,1,Track Event,Relay,,Jamaica College,25,3,Jamaica College,,40,8,
1600 Meter Sprint Medley,Boys,Open,Track Event,Relay,,Jamaica College,25,1,Jamaica College,,03:29.9,12,
4X100 Meter Relay,Boys,2,Track Event,Relay,,Jamaica College,25,3,Jamaica College,,40.93,8,
4X100 Meter Relay,Boys,3,Track Event,Relay,,Kingston College,25,3,Kingston College,,43.08,8,
4X400 Meter Relay,Boys,Open,Track Event,Relay,,Kingston College,25,1,Kingston College,,03:07.5,12,
4X100 Meter Relay,Boys,1,Track Event,Relay,,Kingston College,25,1,Kingston College,,39.78,12,
1600 Meter Sprint Medley,Boys,Open,Track Event,Relay,,Kingston College,25,3,Kingston College,,03:32.3,8,
4X100 Meter Relay,Boys,2,Track Event,Relay,,Kingston College,25,1,Kingston College,,40.62,12,
1600 Meter Sprint Medley,Girls,Open,Track Event,Relay,,Manchester High School,25,6,Manchester High School,,04:18.1,4,
4X100 Meter Relay,Girls,3,Track Event,Relay,,Mount Alvernia High School,25,5,Mount Alvernia High School,,47.54,5,
4X100 Meter Relay,Girls,2,Track Event,Relay,,Mount Alvernia High School,25,7,Mount Alvernia High School,,47.56,3,
4X100 Meter Relay,Boys,2,Track Event,Relay,,Petersfield High School,25,4,Petersfield High School,,41.18,6,
1600 Meter Sprint Medley,Girls,Open,Track Event,Relay,,Port Antonio High School,25,4,Port Antonio High School,,04:13.0,6,
1600 Meter Sprint Medley,Boys,Open,Track Event,Relay,,Port Antonio High School,25,6,Port Antonio High School,,03:36.8,4,
4X100 Meter Relay,Girls,1,Track Event,Relay,,St. Andrew High for Girls,25,7,St. Andrew High for Girls,,47.23,3,
4X100 Meter Relay,Girls,4,Track Event,Relay,,St. Andrew High for Girls,25,4,St. Andrew High for Girls,,48.58,6,
4X400 Meter Relay,Girls,Open,Track Event,Relay,,St. Elizabeth Technical High School,25,5,St. Elizabeth Technical High School,,03:42.5,5,
4X100 Meter Relay,Girls,4,Track Event,Relay,,St. Elizabeth Technical High School,25,6,St. Elizabeth Technical High School,,48.85,4,
4X100 Meter Relay,Boys,3,Track Event,Relay,,St. Elizabeth Technical High School,25,7,St. Elizabeth Technical High School,,45.24,3,
4X400 Meter Relay,Boys,Open,Track Event,Relay,,St. Elizabeth Technical High School,25,5,St. Elizabeth Technical High School,,03:11.4,5,
4X100 Meter Relay,Boys,1,Track Event,Relay,,St. Elizabeth Technical High School,25,5,St. Elizabeth Technical High School,,40.83,5,
1600 Meter Sprint Medley,Boys,Open,Track Event,Relay,,St. Elizabeth Technical High School,25,7,St. Elizabeth Technical High School,,03:38.3,3,
4X100 Meter Relay,Boys,2,Track Event,Relay,,St. Elizabeth Technical High School,25,7,St. Elizabeth Technical High School,,42.55,3,
4X100 Meter Relay,Boys,1,Track Event,Relay,,St. Georges College,25,6,St. Georges College,,40.94,4,
1600 Meter Sprint Medley,Boys,Open,Track Event,Relay,,St. Georges College,25,2,St. Georges College,,03:30.2,10,
4X100 Meter Relay,Boys,2,Track Event,Relay,,St. Georges College,25,8,St. Georges College,,42.73,2,
4X100 Meter Relay,Girls,1,Track Event,Relay,,St. Jago High School,25,4,St. Jago High School,,45.61,6,
1600 Meter Sprint Medley,Girls,Open,Track Event,Relay,,St. Jago High School,25,5,St. Jago High School,,04:13.1,5,
4X100 Meter Relay,Girls,4,Track Event,Relay,,St. Jago High School,25,5,St. Jago High School,,48.75,5,
4X100 Meter Relay,Girls,3,Track Event,Relay,,St. Jago High School,25,1,St. Jago High School,,45.79,12,
4X100 Meter Relay,Boys,3,Track Event,Relay,,St. Jago High School,25,1,St. Jago High School,,42.57,12,
4X100 Meter Relay,Girls,2,Track Event,Relay,,St. Jago High School,25,3,St. Jago High School,,45.77,8,
4X100 Meter Relay,Girls,1,Track Event,Relay,,St. Mary High School,25,8,St. Mary High School,,47.68,2,
4X100 Meter Relay,Girls,3,Track Event,Relay,,St. Mary High School,25,4,St. Mary High School,,47.33,6,
4X400 Meter Relay,Girls,Open,Track Event,Relay,,The Queen's School,25,8,The Queen's School,,03:54.9,2,
4X100 Meter Relay,Girls,1,Track Event,Relay,,Vere Technical High School,25,6,Vere Technical High School,,47.1,4,
4X400 Meter Relay,Girls,Open,Track Event,Relay,,Vere Technical High School,25,7,Vere Technical High School,,03:52.0,3,
4X100 Meter Relay,Girls,4,Track Event,Relay,,Vere Technical High School,25,3,Vere Technical High School,,48.58,8,
4X100 Meter Relay,Girls,2,Track Event,Relay,,Vere Technical High School,25,,Vere Technical High School,,,0,DNF
1600 Meter Sprint Medley,Girls,Open,Track Event,Relay,,William Knibb Memorial High School,25,7,William Knibb Memorial High School,,04:23.8,3,
4X100 Meter Relay,Boys,3,Track Event,Relay,,William Knibb Memorial High School,25,,William Knibb Memorial High School,,,0,DNF
4X100 Meter Relay,Boys,1,Track Event,Relay,,William Knibb Memorial High School,25,7,William Knibb Memorial High School,,41.45,3,
4X100 Meter Relay,Boys,3,Track Event,Relay,,Wolmer's Boys School,25,4,Wolmer's Boys School,,44.77,6,
4X100 Meter Relay,Boys,2,Track Event,Relay,,Wolmer's Boys School,25,5,Wolmer's Boys School,,41.64,5,
4X100 Meter Relay,Girls,2,Track Event,Relay,,Wolmer's Trust High School For Girls,25,1,Wolmer's Trust High School For Girls,,44.99,12,