event,gender,clas_s,category,sub_category,wind,athlete,year,position,school,series,mark,points
100 Meter ,Boys,3,Track Event,Sprints,0.1,Alex Lewis,26,5,Calabar High School,,11.16X,4
100 Meter ,Boys,2,Track Event,Sprints,0.6,Joshua Ricketts,26,2,Calabar High School,,10.42X,7
100 Meter ,Boys,2,Track Event,Sprints,0.6,Javane Clayton,26,6,Calabar High School,,10.58X,3
100 Meter ,Boys,3,Track Event,Sprints,0.1,Jaron Brooks,26,6,Campion College,,11.22X,3
100 Meter ,Girls,3,Track Event,Sprints,0.9,Tyniqua Moulton,26,6,Clarendon College,,11.96X,3
100 Meter ,Girls,3,Track Event,Sprints,0.9,Azaria Harris,26,3,Convent of Mercy Academy (ALPHA),,11.77X,6
100 Meter ,Girls,3,Track Event,Sprints,0.9,Aliyah Ross,26,8,Convent of Mercy Academy (ALPHA),,12.22X,1
100 Meter ,Girls,2,Track Event,Sprints,0.9,Kerelle Etienne,26,8,Edwin Allen High School,,22.46X,1
100 Meter ,Girls,3,Track Event,Sprints,0.9,Danelia Clarke,26,1,Edwin Allen High School,,11.66X,9
100 Meter ,Girls,3,Track Event,Sprints,0.9,Andriana Pine,26,7,Edwin Allen High School,,12.01X,2
100 Meter ,Girls,1,Track Event,Sprints,0.7,Alexxe Henry,26,2,Edwin Allen High School,,11.21X,7
100 Meter ,Girls,1,Track Event,Sprints,0.7,Renecia Edwards,26,3,Edwin Allen High School,,11.45X,6
100 Meter ,Boys,1,Track Event,Sprints,1.2,Romario Finnigan,26,3,Edwin Allen High School,,10.22X,6
100 Meter ,Boys,1,Track Event,Sprints,1.2,Kenrick Austin,26,7,Edwin Allen High School,,10.38X,2
100 Meter ,Girls,4,Track Event,Sprints,0.1,Monique Bogle,26,2,Edwin Allen High School,,12.30X,7
100 Meter ,Girls,4,Track Event,Sprints,0.1,Shantwae Green,26,3,Edwin Allen High School,,12.40X,6
100 Meter ,Girls,2,Track Event,Sprints,0.9,Kedoya Lindo,26,6,Excelsior High School,,11.77X,3
100 Meter ,Boys,1,Track Event,Sprints,1.2,Riquelme Reid,26,1,Excelsior High School,,10.12X,9
100 Meter ,Boys,1,Track Event,Sprints,1.2,Malike Nugent,26,5,Excelsior High School,,10.32X,4
100 Meter ,Girls,4,Track Event,Sprints,0.1,Brianna Gray,26,1,Excelsior High School,,12.01X,9
100 Meter ,Girls,3,Track Event,Sprints,0.9,Rihanna Scott,26,2,Ferncourt High School,,11.74X,7
100 Meter ,Girls,1,Track Event,Sprints,0.7,Shanoya Douglas,26,1,Holland High School,,10.98X,9
100 Meter ,Boys,1,Track Event,Sprints,1.2,Johan-Ramaldo Smythe,26,6,Holland High School,,10.34X,3
100 Meter ,Girls,2,Track Event,Sprints,0.9,Nickayla Russell,26,7,Holmwood Technical High School,,11.96X,2
100 Meter ,Girls,1,Track Event,Sprints,0.7,Shemonique Hazle,26,--,Hydel High School,,DNFX,0
100 Meter ,Girls,1,Track Event,Sprints,0.7,Shevi-Anne Shim,26,5,Immaculate Conception High School,,11.66X,4
100 Meter ,Girls,4,Track Event,Sprints,0.1,Crisan Allen,26,4,Immaculate Conception High School,,12.41X,5
100 Meter ,Girls,4,Track Event,Sprints,0.1,Melaysia Vernon,26,8,Immaculate Conception High School,,12.58X,1
100 Meter ,Boys,3,Track Event,Sprints,0.1,Adrian Phillips,26,7,Jamaica College,,11.31X,2
100 Meter ,Boys,2,Track Event,Sprints,0.6,Kai Kelly,26,1,Jamaica College,,10.28X,9
100 Meter ,Boys,3,Track Event,Sprints,0.1,Kemanic Edwards,26,4,Kingston College,,11.04X,5
100 Meter ,Boys,1,Track Event,Sprints,1.2,Nyrone Wade,26,8,Kingston College,,10.44X,1
100 Meter ,Girls,4,Track Event,Sprints,0.1,De'Ana Ellis,26,5,Lacovia High School,,12.43X,4
100 Meter ,Girls,2,Track Event,Sprints,0.9,Giana Murray,26,3,Mount Alvernia High School,,11.61X,6
100 Meter ,Girls,3,Track Event,Sprints,0.9,Veneisha Pottinger,26,4,Mount Alvernia High School,,11.79X,5
100 Meter ,Girls,1,Track Event,Sprints,0.7,Sharla Bell,26,7,Mount Alvernia High School,,11.90X,2
100 Meter ,Girls,1,Track Event,Sprints,0.7,Shakeya Reid,26,6,Penwood High School,,11.82X,3
100 Meter ,Boys,2,Track Event,Sprints,0.6,Ajannie Kelly,26,4,St. Elizabeth Technical High School,,10.45X,5
100 Meter ,Boys,1,Track Event,Sprints,1.2,Tyreece Foreman,26,2,St. George's College,,10.21X,7
100 Meter ,Boys,3,Track Event,Sprints,0.1,J'Den Fisher,26,3,St. Jago High School,,10.83X,6
100 Meter ,Boys,2,Track Event,Sprints,0.6,Jevaney Findlay,26,7,St. Jago High School,,10.68X,2
100 Meter ,Boys,2,Track Event,Sprints,0.6,Marquies Page,26,--,St. Jago High School,,FSX,0
100 Meter ,Girls,2,Track Event,Sprints,0.9,Shannia Campbell,26,2,St. Jago High School,,11.59X,7
100 Meter ,Girls,2,Track Event,Sprints,0.9,Adora Campbell,26,4,St. Jago High School,,11.62X,5
100 Meter ,Girls,2,Track Event,Sprints,0.9,Shayon Smith,26,5,St. Mary High School,,11.62X,4
100 Meter ,Boys,2,Track Event,Sprints,0.6,Ricardo Mann,26,3,Vere Technical High School,,10.44X,6
100 Meter ,Girls,4,Track Event,Sprints,0.1,Brianna King,26,6,Vere Technical High School,,12.48X,3
100 Meter ,Girls,4,Track Event,Sprints,0.1,Omeikia Shepherd,26,7,Vere Technical High School,,12.56X,2
100 Meter ,Boys,3,Track Event,Sprints,0.1,Jamali Laing,26,8,William Knibb Memorial High School,,11.58X,1
100 Meter ,Boys,1,Track Event,Sprints,1.2,Sanjay Seymore,26,4,William Knibb Memorial High School,,10.30X,5
100 Meter ,Boys,3,Track Event,Sprints,0.1,Ajani Lumley,26,1,Wolmer's Boys School,,10.71X,9
100 Meter ,Boys,3,Track Event,Sprints,0.1,Joshua Mcwilliams,26,2,Wolmer's Boys School,,10.81X,7
100 Meter ,Boys,2,Track Event,Sprints,0.6,Mario Ross,26,5,Wolmer's Boys School,,10.47X,4
100 Meter ,Girls,2,Track Event,Sprints,0.9,Natrece East,26,1,Wolmer's Trust High School For Girls,,11.21X,9
100 Meter ,Girls,1,Track Event,Sprints,0.7,Tiana Marshall,26,4,Wolmer's Trust High School For Girls,,11.59X,5
100 Meter ,Girls,3,Track Event,Sprints,0.9,Micka-Lee James,26,5,York Castle High School,,11.92X,4
100 Meter Hurdles ,Boys,3,Track Event,Hurdles,-1.3,Alex Lewis,26,3,Calabar High School,,13.46X,6
100 Meter Hurdles ,Boys,3,Track Event,Hurdles,-1.3,Chadwick Robinson,26,7,Calabar High School,,13.97X,2
100 Meter Hurdles ,Girls,2,Track Event,Hurdles,-1.8,Shalomi Berry,26,--,Convent of Mercy Academy (ALPHA),,DNFX,0
100 Meter Hurdles ,Girls,1,Track Event,Hurdles,-2,Amoi Kentish,26,3,Excelsior High School,,14.10X,6
100 Meter Hurdles ,Girls,1,Track Event,Hurdles,-2,Regina Bailey,26,5,Holmwood Technical High School,,14.29X,4
100 Meter Hurdles ,Girls,1,Track Event,Hurdles,-2,Aaliyah Mullings,26,6,Hydel High School,,14.49X,3
100 Meter Hurdles ,Girls,2,Track Event,Hurdles,-1.8,Annieka Carnegie,26,2,Hydel High School,,13.43X,7
100 Meter Hurdles ,Girls,1,Track Event,Hurdles,-2,Joi-Anne Russell,26,7,Immaculate Conception High School,,14.69X,2
100 Meter Hurdles ,Girls,2,Track Event,Hurdles,-1.8,Kyra-Loye Kelly,26,--,Immaculate Conception High School,,FSX,0
100 Meter Hurdles ,Boys,3,Track Event,Hurdles,-1.3,Adrian Phillips,26,2,Jamaica College,,13.12X,7
100 Meter Hurdles ,Boys,3,Track Event,Hurdles,-1.3,Denton Richards,26,5,Jamaica College,,13.63X,4
100 Meter Hurdles ,Boys,3,Track Event,Hurdles,-1.3,Drequan Jones,26,6,Kingston College,,13.65X,3
100 Meter Hurdles ,Boys,3,Track Event,Hurdles,-1.3,Zachary Hunter,26,8,Kingston College,,14.02X,1
100 Meter Hurdles ,Boys,3,Track Event,Hurdles,-1.3,Dylan Bent,26,4,Manchester High School,,13.52X,5
100 Meter Hurdles ,Girls,1,Track Event,Hurdles,-2,Shakeya Reid,26,4,Penwood High School,,14.12X,5
100 Meter Hurdles ,Girls,1,Track Event,Hurdles,-2,Michaelann Lindo,26,8,St. Catherine High School,,14.88X,1
100 Meter Hurdles ,Girls,1,Track Event,Hurdles,-2,Bryana Davidson,26,2,St. Jago High School,,14.06X,7
100 Meter Hurdles ,Girls,2,Track Event,Hurdles,-1.8,Martina Parkes,26,3,St. Jago High School,,13.64X,6
100 Meter Hurdles ,Girls,2,Track Event,Hurdles,-1.8,Malayia Duncan,26,5,St. Jago High School,,14.08X,4
100 Meter Hurdles ,Girls,2,Track Event,Hurdles,-1.8,Martina Moxam,26,6,Vere Technical High School,,14.98X,3
100 Meter Hurdles ,Boys,3,Track Event,Hurdles,-1.3,Jamali Laing,26,1,William Knibb Memorial High School,,13.07X,9
100 Meter Hurdles ,Girls,1,Track Event,Hurdles,-2,Tiana Marshall,26,1,Wolmer's Trust High School For Girls,,13.33X,9
100 Meter Hurdles ,Girls,2,Track Event,Hurdles,-1.8,Akeelah Bell,26,1,Wolmer's Trust High School For Girls,,13.32X,9
100 Meter Hurdles ,Girls,2,Track Event,Hurdles,-1.8,Jadea Harris,26,4,Wolmer's Trust High School For Girls,,13.99X,5
110 Meter Hurdles ,Boys,1,Track Event,Hurdles,-1.6,Davion Myers,26,6,Buff Bay High School,,13.84X,3
110 Meter Hurdles ,Boys,1,Track Event,Hurdles,-1.6,Dijon Swaine,26,2,Calabar High School,,13.48X,7
110 Meter Hurdles ,Boys,2,Track Event,Hurdles,-1.3,Divondrae Matthews,26,3,Calabar High School,,13.76X,6
110 Meter Hurdles ,Boys,2,Track Event,Hurdles,-1.3,Kemarley Fletcher,26,--,Calabar High School,,DNFX,0
110 Meter Hurdles ,Boys,1,Track Event,Hurdles,-1.6,Robert Miller,26,1,Hydel High School,,13.41X,9
110 Meter Hurdles ,Boys,1,Track Event,Hurdles,-1.6,Tafari Levy,26,7,Jamaica College,,13.91X,2
110 Meter Hurdles ,Boys,1,Track Event,Hurdles,-1.6,Shakir Lewis,26,8,Jamaica College,,14.12X,1
110 Meter Hurdles ,Boys,2,Track Event,Hurdles,-1.3,Gregory Williams,26,5,Jamaica College,,14.04X,4
110 Meter Hurdles ,Boys,1,Track Event,Hurdles,-1.6,Taj-Oneil Gordon,26,3,Kingston College,,13.59X,6
110 Meter Hurdles ,Boys,2,Track Event,Hurdles,-1.3,Brandon Bennett,26,2,Kingston College,,13.62X,7
110 Meter Hurdles ,Boys,2,Track Event,Hurdles,-1.3,Daquan Dawkins,26,6,Kingston College,,14.27X,3
110 Meter Hurdles ,Boys,1,Track Event,Hurdles,-1.6,Romario Jibbison,26,4,St. Jago High School,,13.63X,5
110 Meter Hurdles ,Boys,2,Track Event,Hurdles,-1.3,Marquies Page,26,1,St. Jago High School,,13.06X,9
110 Meter Hurdles ,Boys,2,Track Event,Hurdles,-1.3,Jhabarie Whyte,26,7,Vere Technical High School,,14.48X,2
110 Meter Hurdles ,Boys,1,Track Event,Hurdles,-1.6,Raejhaun Riley,26,5,William Knibb Memorial High School,,13.74X,4
110 Meter Hurdles ,Boys,2,Track Event,Hurdles,-1.3,Mark-Daniel Allen,26,4,Wolmer's Boys School,,13.77X,5
1500 Meter ,Boys,1,Track Event,Middle Distance,,Nicholas Frederick,26,4,Alphansus Davis High School,,4:00.76X,5
1500 Meter ,Boys,1,Track Event,Middle Distance,,Raheem Palmer,26,--,Alphansus Davis High School,,DNFX,0
1500 Meter ,Girls,3,Track Event,Middle Distance,,Kayanna Douglas,26,8,Alphansus Davis High School,,5:13.59X,1
1500 Meter ,Boys,3,Track Event,Middle Distance,,Garwain Thomas,26,10,Alphansus Davis High School,,4:49.68X,0
1500 Meter ,Girls,2,Track Event,Middle Distance,,Alikay Reynolds,26,2,Alphansus Davis High School,,4:44.79X,7
1500 Meter ,Girls,2,Track Event,Middle Distance,,Tabbrel Williams,26,5,Alphansus Davis High School,,4:48.23X,4
1500 Meter ,Girls,1,Track Event,Middle Distance,,Ameiah Samuel,26,5,Alphansus Davis High School,,4:51.59X,4
1500 Meter ,Boys,1,Track Event,Middle Distance,,Roquelme Johnson,26,8,Bellefield High School,,4:06.33X,1
1500 Meter ,Girls,3,Track Event,Middle Distance,,Althea Bolton,26,10,Bellefield High School,,5:15.66X,0
1500 Meter ,Boys,2,Track Event,Middle Distance,,Jevaughn Tomlin,26,2,Bellefield High School,,4:10.95X,7
1500 Meter ,Girls,1,Track Event,Middle Distance,,Rhodonna Prince,26,8,Bellefield High School,,5:13.71X,1
1500 Meter ,Boys,1,Track Event,Middle Distance,,Justin Webb,26,7,Calabar High School,,4:03.28X,2
1500 Meter ,Boys,1,Track Event,Middle Distance,,Dujhauntai Lewis,26,11,Calabar High School,,4:24.05X,0
1500 Meter ,Boys,3,Track Event,Middle Distance,,Tavion Taylor,26,6,Calabar High School,,4:34.69X,3
1500 Meter ,Boys,3,Track Event,Middle Distance,,Marcus Maragh,26,7,Calabar High School,,4:35.96X,2
1500 Meter ,Girls,3,Track Event,Middle Distance,,Alexjordan Hall,26,1,Clarendon College,,4:47.35X,9
1500 Meter ,Girls,3,Track Event,Middle Distance,,Danoya Scott,26,2,Convent of Mercy Academy (ALPHA),,4:48.54X,7
1500 Meter ,Girls,1,Track Event,Middle Distance,,Ashanti Parkes,26,10,Convent of Mercy Academy (ALPHA),,5:33.47X,0
1500 Meter ,Boys,2,Track Event,Middle Distance,,Markland Williams,26,--,Denbigh High School,,DNFX,0
1500 Meter ,Boys,1,Track Event,Middle Distance,,Joel Morgan,26,3,Edwin Allen High School,,3:58.20X,6
1500 Meter ,Boys,1,Track Event,Middle Distance,,Moses Johnson,26,10,Edwin Allen High School,,4:14.45X,0
1500 Meter ,Girls,3,Track Event,Middle Distance,,Romeann Gray,26,3,Edwin Allen High School,,4:48.72X,6
1500 Meter ,Girls,2,Track Event,Middle Distance,,Kevongaye Fowler,26,1,Edwin Allen High School,,4:41.37X,9
1500 Meter ,Girls,2,Track Event,Middle Distance,,Rhianna Collington,26,12,Edwin Allen High School,,5:38.69X,0
1500 Meter ,Girls,1,Track Event,Middle Distance,,Horecia Love,26,4,Edwin Allen High School,,4:50.21X,5
1500 Meter ,Boys,3,Track Event,Middle Distance,,Bryan Stewart,26,5,Excelsior High School,,4:33.06X,4
1500 Meter ,Girls,2,Track Event,Middle Distance,,Niccaya Anderson,26,11,Excelsior High School,,5:19.67X,0
1500 Meter ,Boys,2,Track Event,Middle Distance,,Keniel Daniels,26,8,Excelsior High School,,4:18.09X,1
1500 Meter ,Boys,3,Track Event,Middle Distance,,Trey-Shawn Kelly,26,11,Foga Road High School,,4:49.92X,0
1500 Meter ,Girls,3,Track Event,Middle Distance,,Felicia Compass,26,4,Holmwood Technical High School,,4:53.79X,5
1500 Meter ,Girls,3,Track Event,Middle Distance,,Karcia Blair,26,7,Holmwood Technical High School,,5:12.53X,2
1500 Meter ,Boys,3,Track Event,Middle Distance,,Joshua Pryce,26,4,Holmwood Technical High School,,4:28.29X,5
1500 Meter ,Girls,2,Track Event,Middle Distance,,Ashley Shepherd,26,7,Holmwood Technical High School,,5:02.91X,2
1500 Meter ,Boys,2,Track Event,Middle Distance,,Antuwan Newland,26,7,Holmwood Technical High School,,4:17.18X,2
1500 Meter ,Girls,1,Track Event,Middle Distance,,Jovi Rose,26,1,Holmwood Technical High School,,4:45.15X,9
1500 Meter ,Girls,1,Track Event,Middle Distance,,Florence Nafamba,26,7,Holmwood Technical High School,,5:00.71X,2
1500 Meter ,Boys,3,Track Event,Middle Distance,,Shamore Welch,26,9,Hydel High School,,4:44.01X,0
1500 Meter ,Girls,2,Track Event,Middle Distance,,Dallia Fairweather,26,4,Hydel High School,,4:47.46X,5
1500 Meter ,Girls,1,Track Event,Middle Distance,,Rihanna Morgan,26,3,Hydel High School,,4:47.55X,6
1500 Meter ,Girls,2,Track Event,Middle Distance,,Netanya Robinson,26,10,Immaculate Conception High School,,5:18.32X,0
1500 Meter ,Boys,1,Track Event,Middle Distance,,Shemar Green,26,5,Jamaica College,,4:01.56X,4
1500 Meter ,Boys,1,Track Event,Middle Distance,,Carlos Brison-Caines,26,9,Jamaica College,,4:12.83X,0
1500 Meter ,Boys,3,Track Event,Middle Distance,,Rickardo Lee,26,2,Jamaica College,,4:18.42X,7
1500 Meter ,Boys,3,Track Event,Middle Distance,,Ajovi Williams,26,3,Jamaica College,,4:25.11X,6
1500 Meter ,Boys,2,Track Event,Middle Distance,,Bevin Davey,26,4,Jamaica College,,4:11.64X,5
1500 Meter ,Boys,2,Track Event,Middle Distance,,Cavel Nooks,26,6,Jamaica College,,4:12.22X,3
1500 Meter ,Boys,1,Track Event,Middle Distance,,Nahashon Ruto,26,2,Kingston College,,3:55.91X,7
1500 Meter ,Boys,3,Track Event,Middle Distance,,Julius Itubo,26,1,Kingston College,,4:00.76X,9
1500 Meter ,Boys,2,Track Event,Middle Distance,,Jelani Brown,26,9,Kingston College,,4:24.77X,0
1500 Meter ,Boys,1,Track Event,Middle Distance,,Chevhoun Connolly,26,6,Maggotty High School,,4:03.22X,3
1500 Meter ,Girls,3,Track Event,Middle Distance,,Shawntaesha Gooden,26,6,Manchester High School,,5:11.30X,3
1500 Meter ,Boys,2,Track Event,Middle Distance,,Oraine Lyle,26,10,Marcus Garvey Technical High School,,4:27.77X,0
1500 Meter ,Girls,3,Track Event,Middle Distance,,Keona James,26,12,Merl Grove High School,,5:47.00X,0
1500 Meter ,Boys,3,Track Event,Middle Distance,,Jason Johnson,26,8,Munro College,,4:42.45X,1
1500 Meter ,Girls,3,Track Event,Middle Distance,,Asharah Campbell,26,9,Oberlin High School,,5:15.40X,0
1500 Meter ,Girls,1,Track Event,Middle Distance,,Lennika Walters,26,11,Oberlin High School,,6:07.14X,0
1500 Meter ,Girls,2,Track Event,Middle Distance,,Shameika Dennis,26,9,St. Elizabeth Technical High School,,5:12.75X,0
1500 Meter ,Boys,2,Track Event,Middle Distance,,Dejaun Gray,26,3,St. Elizabeth Technical High School,,4:11.04X,6
1500 Meter ,Boys,1,Track Event,Middle Distance,,Ryan Achau,26,1,St. Jago High School,,3:50.71X,9
1500 Meter ,Girls,3,Track Event,Middle Distance,,Shannaya Palmer,26,5,St. Jago High School,,5:01.20X,4
1500 Meter ,Boys,3,Track Event,Middle Distance,,Jordan Gordon,26,12,St. Jago High School,,4:57.17X,0
1500 Meter ,Girls,2,Track Event,Middle Distance,,Jada Fletcher,26,8,St. Jago High School,,5:02.96X,1
1500 Meter ,Boys,2,Track Event,Middle Distance,,Phillip Palmer,26,1,St. Jago High School,,4:09.91X,9
1500 Meter ,Girls,1,Track Event,Middle Distance,,Kededra Coombs,26,6,St. Jago High School,,4:57.81X,3
1500 Meter ,Girls,1,Track Event,Middle Distance,,Tashalee Palmer,26,9,St. Jago High School,,5:28.68X,0
1500 Meter ,Girls,2,Track Event,Middle Distance,,Alexia Palmer,26,3,Sydney Pagon Academy,,4:45.97X,6
1500 Meter ,Boys,2,Track Event,Middle Distance,,Luke Plummer,26,5,Sydney Pagon Academy,,4:11.87X,4
1500 Meter ,Boys,2,Track Event,Middle Distance,,Tyrone Morgan,26,11,Sydney Pagon Academy,,4:29.77X,0
1500 Meter ,Girls,1,Track Event,Middle Distance,,Annataseca Blackwood,26,2,Sydney Pagon Academy,,4:45.43X,7
1500 Meter ,Girls,2,Track Event,Middle Distance,,Keyah Anderson,26,6,The Queen's School,,4:56.39X,3
1500 Meter ,Girls,3,Track Event,Middle Distance,,Driana Frater,26,11,Vere Technical High School,,5:22.56X,0
1600m Sprint Medley ,Boys,Open,Track Event,Relay,,Alphansus Davis High School,26,6,Alphansus Davis High School,,03:34.6,4
1600m Sprint Medley ,Girls,Open,Track Event,Relay,,Alphansus Davis High School,26,2,Alphansus Davis High School,,04:10.3,10
1600m Sprint Medley ,Boys,Open,Track Event,Relay,,Calabar High School,26,2,Calabar High School,,03:28.4,10
1600m Sprint Medley ,Boys,Open,Track Event,Relay,,Clarendon College,26,7,Clarendon College,,03:39.7,3
1600m Sprint Medley ,Boys,Open,Track Event,Relay,,Edwin Allen High School,26,8,Edwin Allen High School,,03:40.9,2
1600m Sprint Medley ,Girls,Open,Track Event,Relay,,Edwin Allen High School,26,3,Edwin Allen High School,,04:10.7,8
1600m Sprint Medley ,Boys,Open,Track Event,Relay,,Excelsior High School,26,5,Excelsior High School,,03:33.8,5
1600m Sprint Medley ,Girls,Open,Track Event,Relay,,Excelsior High School,26,7,Excelsior High School,,04:24.3,3
1600m Sprint Medley ,Girls,Open,Track Event,Relay,,Holmwood Technical High School,26,1,Holmwood Technical High School,,04:09.5,12
1600m Sprint Medley ,Boys,Open,Track Event,Relay,,Jamaica College,26,4,Jamaica College,,03:30.0,6
1600m Sprint Medley ,Girls,Open,Track Event,Relay,,Manchester High School,26,--,Manchester High School,,DQ,0
1600m Sprint Medley ,Boys,Open,Track Event,Relay,,Port Antonio High School,26,3,Port Antonio High School,,03:28.5,8
1600m Sprint Medley ,Girls,Open,Track Event,Relay,,Port Antonio High School,26,6,Port Antonio High School,,04:21.8,4
1600m Sprint Medley ,Boys,Open,Track Event,Relay,,St. Elizabeth Technical High School,26,1,St. Elizabeth Technical High School,,03:28.2,12
1600m Sprint Medley ,Girls,Open,Track Event,Relay,,The Queen'S School,26,4,The Queen's School,,04:15.3,6
1600m Sprint Medley ,Girls,Open,Track Event,Relay,,William Knibb Memorial,26,5,William Knibb Memorial High School,,04:17.2,5
2000 Meter Steeplechase,Girls,Open,Track Event,Middle Distance,,Chevelle White,26,3,Alphansus Davis High School,,7:54.71X,6
2000 Meter Steeplechase,Boys,Open,Track Event,Middle Distance,,Jevaughn Henry,26,3,Bellefield High School,,6:26.52X,6
2000 Meter Steeplechase,Boys,Open,Track Event,Middle Distance,,Roshane Johnson,26,5,Bellefield High School,,6:39.88X,4
2000 Meter Steeplechase,Boys,Open,Track Event,Middle Distance,,Rasheem Walker,26,12,Buff Bay High School,,7:16.24X,0
2000 Meter Steeplechase,Boys,Open,Track Event,Middle Distance,,Shakeem Ebanks,26,7,Calabar High School,,6:47.29X,2
2000 Meter Steeplechase,Boys,Open,Track Event,Middle Distance,,Tavar Flemmings,26,11,Calabar High School,,7:05.19X,0
2000 Meter Steeplechase,Boys,Open,Track Event,Middle Distance,,Nicholas Francis,26,9,Charlemont High School,,6:56.74X,0
2000 Meter Steeplechase,Boys,Open,Track Event,Middle Distance,,Obinna Reid,26,--,Clarendon College,,DNFX,0
2000 Meter Steeplechase,Girls,Open,Track Event,Middle Distance,,Ashanti Parkes,26,6,Convent of Mercy Academy (ALPHA),,8:19.09X,3
2000 Meter Steeplechase,Girls,Open,Track Event,Middle Distance,,Tydrania Palmer,26,10,Convent of Mercy Academy (ALPHA),,9:25.65X,0
2000 Meter Steeplechase,Boys,Open,Track Event,Middle Distance,,Oshane Windett,26,6,Edwin Allen High School,,6:40.75X,3
2000 Meter Steeplechase,Girls,Open,Track Event,Middle Distance,,Sushana Johnson,26,1,Edwin Allen High School,,7:00.04X,9
2000 Meter Steeplechase,Girls,Open,Track Event,Middle Distance,,Briana Morris,26,2,Edwin Allen High School,,7:52.58X,7
2000 Meter Steeplechase,Girls,Open,Track Event,Middle Distance,,Kemisha Gordon,26,4,Holmwood Technical High School,,8:15.79X,5
2000 Meter Steeplechase,Girls,Open,Track Event,Middle Distance,,Baby Lindo,26,9,Holmwood Technical High School,,8:51.80X,0
2000 Meter Steeplechase,Girls,Open,Track Event,Middle Distance,,Sackeela Whilby,26,5,Hydel High School,,8:18.54X,4
2000 Meter Steeplechase,Girls,Open,Track Event,Middle Distance,,Shania Grant,26,7,Hydel High School,,8:31.53X,2
2000 Meter Steeplechase,Girls,Open,Track Event,Middle Distance,,Hayleigh Brown,26,11,Immaculate Conception High School,,9:31.64X,0
2000 Meter Steeplechase,Girls,Open,Track Event,Middle Distance,,Kimoya Dennis,26,12,Immaculate Conception High School,,9:38.76X,0
2000 Meter Steeplechase,Boys,Open,Track Event,Middle Distance,,Evans Tetteh,26,1,Jamaica College,,6:00.56X,9
2000 Meter Steeplechase,Boys,Open,Track Event,Middle Distance,,Dominic Amponsah,26,2,Jamaica College,,6:19.31X,7
2000 Meter Steeplechase,Boys,Open,Track Event,Middle Distance,,Trevaine Francis,26,8,Kellits High School,,6:48.05X,1
2000 Meter Steeplechase,Boys,Open,Track Event,Middle Distance,,Azornie Gunzell,26,10,Kellits High School,,7:02.48X,0
2000 Meter Steeplechase,Boys,Open,Track Event,Middle Distance,,Jeremy Jones,26,4,Kingston College,,6:39.19X,5
2000 Meter Steeplechase,Boys,Open,Track Event,Middle Distance,,Christopher Anderson,26,13,Kingston College,,7:35.67X,0
2000 Meter Steeplechase,Boys,Open,Track Event,Middle Distance,,Roljay Bailey,26,--,Knox College,,DNSX,0
2000 Meter Steeplechase,Girls,Open,Track Event,Middle Distance,,Caresa Dennis,26,14,Oberlin High School,,10:43.03X,0
2000 Meter Steeplechase,Girls,Open,Track Event,Middle Distance,,Rochelle Martin,26,13,St. Catherine High School,,10:20.00X,0
2000 Meter Steeplechase,Boys,Open,Track Event,Middle Distance,,Cory Christie,26,--,St. Jago High School,,DNSX,0
2000 Meter Steeplechase,Girls,Open,Track Event,Middle Distance,,Tashalee Palmer,26,8,St. Jago High School,,8:43.64X,1
2000 Meter Steeplechase,Girls,Open,Track Event,Middle Distance,,Ashana Bonnick,26,--,The Queen's School,,DNFX,0
2000 Meter Steeplechase,Girls,Open,Track Event,Middle Distance,,Donnel Fraser,26,--,Vere Technical High School,,DNFX,0
200 Meter,Boys,1,Track Event,Sprints,-4.2,Deequan Maragh,26,--,Camperdown High School,,DNFX,0
200 Meter,Girls,3,Track Event,Sprints,-3,Seana Wilson,26,6,Convent of Mercy Academy (ALPHA),,25.04X,3
200 Meter,Girls,4,Track Event,Sprints,-1.9,Iyanna Ivey,26,4,Convent of Mercy Academy (ALPHA),,26.06X,5
200 Meter,Boys,1,Track Event,Sprints,-4.2,Kenrick Austin,26,7,Edwin Allen High School,,21.82X,2
200 Meter,Boys,2,Track Event,Sprints,-1.8,Kalel Archibald,26,5,Edwin Allen High School,,21.81X,4
200 Meter,Girls,1,Track Event,Sprints,-1.6,Alexxe Henry,26,2,Edwin Allen High School,,23.63X,7
200 Meter,Girls,1,Track Event,Sprints,-1.6,Shanique Cassanova,26,3,Edwin Allen High School,,24.17X,6
200 Meter,Girls,2,Track Event,Sprints,-1.2,Khalila Lewis Satchwell,26,4,Edwin Allen High School,,24.25X,5
200 Meter,Girls,3,Track Event,Sprints,-3,Tashana Godfrey,26,3,Edwin Allen High School,,24.89X,6
200 Meter,Girls,4,Track Event,Sprints,-1.9,Niesha Campbell,26,3,Edwin Allen High School,,25.49X,6
200 Meter,Girls,1,Track Event,Sprints,-1.6,Breana Brown,26,4,Excelsior High School,,24.28X,5
200 Meter,Girls,3,Track Event,Sprints,-3,Rihanna Scott,26,5,Ferncourt High School,,24.98X,4
200 Meter,Girls,4,Track Event,Sprints,-1.9,Lyena Johnson,26,8,Ferncourt High School,,26.64X,1
200 Meter,Girls,4,Track Event,Sprints,-1.9,Torrian Wheatley,26,6,Foga Road High School,,26.29X,3
200 Meter,Boys,1,Track Event,Sprints,-4.2,Johan-Ramaldo Smythe,26,4,Holland High School,,21.60X,5
200 Meter,Girls,1,Track Event,Sprints,-1.6,Shanoya Douglas,26,1,Holland High School,,22.36X,9
200 Meter,Girls,1,Track Event,Sprints,-1.6,Abrina Wright,26,5,Holmwood Technical High School,,24.33X,4
200 Meter,Girls,1,Track Event,Sprints,-1.6,Kristen Herbert,26,7,Holmwood Technical High School,,24.58X,2
200 Meter,Girls,2,Track Event,Sprints,-1.2,Annastacia Hall,26,6,Holmwood Technical High School,,24.54X,3
200 Meter,Girls,2,Track Event,Sprints,-1.2,Sashana Johnson,26,2,Hydel High School,,23.65X,7
200 Meter,Girls,3,Track Event,Sprints,-3,Tyecia Mcdonald,26,4,Hydel High School,,24.97X,5
200 Meter,Girls,4,Track Event,Sprints,-1.9,Reneka Reid,26,2,Hydel High School,,25.32X,7
200 Meter,Girls,4,Track Event,Sprints,-1.9,Shaunte Morris,26,5,Hydel High School,,26.21X,4
200 Meter,Girls,1,Track Event,Sprints,-1.6,Kaysian Sewell,26,8,Immaculate Conception High School,,24.77X,1
200 Meter,Girls,2,Track Event,Sprints,-1.2,Kimberly Wright,26,--,Immaculate Conception High School,,DNSX,0
200 Meter,Boys,1,Track Event,Sprints,-4.2,Makaelan Woods,26,2,Jamaica College,,21.22X,7
200 Meter,Boys,1,Track Event,Sprints,-4.2,Omary Robinson,26,6,Jamaica College,,21.61X,3
200 Meter,Boys,2,Track Event,Sprints,-1.8,Tyler Morgan,26,7,Jamaica College,,22.02X,2
200 Meter,Boys,3,Track Event,Sprints,-2.6,Deandre Parker,26,3,Jamaica College,,22.65X,6
200 Meter,Boys,3,Track Event,Sprints,-2.6,Tariq Creary,26,6,Jamaica College,,23.39X,3
200 Meter,Boys,1,Track Event,Sprints,-4.2,Kyle Bodden,26,3,Kingston College,,21.33X,6
200 Meter,Boys,2,Track Event,Sprints,-1.8,Jason Pitter,26,1,Kingston College,,21.03X,9
200 Meter,Boys,2,Track Event,Sprints,-1.8,Emmile Higgins,26,2,Kingston College,,21.52X,7
200 Meter,Boys,3,Track Event,Sprints,-2.6,Kemanic Edwards,26,4,Kingston College,,22.69X,5
200 Meter,Boys,3,Track Event,Sprints,-2.6,Kellan Harris,26,5,Kingston College,,23.30X,4
200 Meter,Girls,3,Track Event,Sprints,-3,Tawaina Marston,26,2,Knox College,,24.75X,7
200 Meter,Boys,3,Track Event,Sprints,-2.6,Darrian Francis,26,7,Lacovia High School,,23.60X,2
200 Meter,Girls,3,Track Event,Sprints,-3,Kerian Jarrett,26,7,Maggotty High School,,25.25X,2
200 Meter,Girls,3,Track Event,Sprints,-3,K-Alee Johnson,26,8,Merl Grove High School,,25.36X,1
200 Meter,Girls,3,Track Event,Sprints,-3,Veneisha Pottinger,26,1,Mount Alvernia High School,,24.55X,9
200 Meter,Boys,2,Track Event,Sprints,-1.8,Tiene Barrett,26,6,Rusea's High School,,21.87X,3
200 Meter,Boys,2,Track Event,Sprints,-1.8,Rajaun Romelly,26,4,St. Jago High School,,21.75X,5
200 Meter,Boys,3,Track Event,Sprints,-2.6,J'Den Fisher,26,--,St. Jago High School,,DNFX,0
200 Meter,Girls,2,Track Event,Sprints,-1.2,Shannia Campbell,26,7,St. Jago High School,,24.62X,2
200 Meter,Boys,1,Track Event,Sprints,-4.2,Tenny Daley,26,5,St. Mary High School,,21.61X,4
200 Meter,Girls,2,Track Event,Sprints,-1.2,Shayon Smith,26,5,St. Mary High School,,24.31X,4
200 Meter,Girls,4,Track Event,Sprints,-1.9,Lemora Smith,26,7,St. Mary High School,,26.47X,2
200 Meter,Girls,2,Track Event,Sprints,-1.2,Priscilla Johnson,26,3,The Queen's School,,24.18X,6
200 Meter,Girls,1,Track Event,Sprints,-1.6,Jesena Williams,26,6,Vere Technical High School,,24.52X,3
200 Meter,Girls,4,Track Event,Sprints,-1.9,Omeikia Shepherd,26,1,Vere Technical High School,,25.27X,9
200 Meter,Boys,1,Track Event,Sprints,-4.2,Sanjay Seymore,26,1,William Knibb Memorial High School,,21.14X,9
200 Meter,Boys,2,Track Event,Sprints,-1.8,Mario Ross,26,3,Wolmer's Boys School,,21.56X,6
200 Meter,Boys,2,Track Event,Sprints,-1.8,Yehudah Little,26,8,Wolmer's Boys School,,22.02X,1
200 Meter,Boys,3,Track Event,Sprints,-2.6,Ajani Lumley,26,1,Wolmer's Boys School,,22.20X,9
200 Meter,Boys,3,Track Event,Sprints,-2.6,Joshua Mcwilliams,26,2,Wolmer's Boys School,,22.41X,7
200 Meter,Girls,2,Track Event,Sprints,-1.2,Natrece East,26,1,Wolmer's Trust High School For Girls,,23.54X,9
3000 Meter,Girls,Open,Track Event,Middle Distance,,Chevelle White,26,3,Alphansus Davis High School,,10:52.59X,6
3000 Meter,Girls,Open,Track Event,Middle Distance,,Dacia Smith,26,12,B.B. Coke High School,,12:25.34X,0
3000 Meter,Girls,Open,Track Event,Middle Distance,,Tashanjay Reid,26,13,B.B. Coke High School,,12:32.42X,0
3000 Meter,Girls,Open,Track Event,Middle Distance,,Sushana Johnson,26,1,Edwin Allen High School,,10:38.18X,9
3000 Meter,Girls,Open,Track Event,Middle Distance,,Briana Morris,26,6,Edwin Allen High School,,11:19.16X,3
3000 Meter,Girls,Open,Track Event,Middle Distance,,Lockscia Williams,26,15,Excelsior High School,,13:34.29X,0
3000 Meter,Girls,Open,Track Event,Middle Distance,,Navae Mothersill,26,--,Excelsior High School,,DNSX,0
3000 Meter,Girls,Open,Track Event,Middle Distance,,Ashley Shepherd,26,4,Holmwood Technical High School,,11:03.23X,5
3000 Meter,Girls,Open,Track Event,Middle Distance,,Kemisha Gordon,26,8,Holmwood Technical High School,,11:37.36X,1
3000 Meter,Girls,Open,Track Event,Middle Distance,,Sackeela Whilby,26,7,Hydel High School,,11:34.77X,2
3000 Meter,Girls,Open,Track Event,Middle Distance,,Shania Grant,26,10,Hydel High School,,12:00.36X,0
3000 Meter,Girls,Open,Track Event,Middle Distance,,Shawntaesha Gooden,26,5,Manchester High School,,11:09.56X,4
3000 Meter,Girls,Open,Track Event,Middle Distance,,Caresa Dennis,26,16,Oberlin High School,,13:56.32X,0
3000 Meter,Girls,Open,Track Event,Middle Distance,,Gizelle James,26,9,Papine High School,,11:45.37X,0
3000 Meter,Girls,Open,Track Event,Middle Distance,,Beyonce Kenyon,26,14,Robert Lightbourne High School,,13:03.20X,0
3000 Meter,Girls,Open,Track Event,Middle Distance,,Alexia Palmer,26,2,Sydney Pagon Academy,,10:41.37X,7
3000 Meter,Girls,Open,Track Event,Middle Distance,,Shanice Valentine,26,--,Tacius Golding High School,,DNSX,0
3000 Meter,Girls,Open,Track Event,Middle Distance,,Ashana Bonnick,26,11,The Queen's School,,12:16.95X,0
3000 Meter,Girls,Open,Track Event,Middle Distance,,Donnel Fraser,26,--,Vere Technical High School,,DNSX,0
400 Meter,Girls,3,Track Event,Sprints,,Jadeanne Patterson,26,8,Alphansus Davis High School,,58.77X,1
400 Meter,Boys,2,Track Event,Sprints,,Diwayne Sharpe,26,3,Calabar High School,,46.82X,6
400 Meter,Boys,2,Track Event,Sprints,,Rajeve Allison,26,6,Calabar High School,,48.34X,3
400 Meter,Girls,3,Track Event,Sprints,,Sha-Jay Davis,26,2,Convent of Mercy Academy (ALPHA),,55.34X,7
400 Meter,Girls,2,Track Event,Sprints,,Khalila Lewis Satchwell,26,8,Edwin Allen High School,,55.95X,1
400 Meter,Girls,1,Track Event,Sprints,,Kellyann Carr,26,1,Edwin Allen High School,,52.20X,9
400 Meter,Girls,1,Track Event,Sprints,,Shanique Cassanova,26,8,Edwin Allen High School,,55.99X,1
400 Meter,Boys,2,Track Event,Sprints,,Jaeden Campbell,26,2,Excelsior High School,,46.74X,7
400 Meter,Girls,1,Track Event,Sprints,,Breana Brown,26,6,Excelsior High School,,55.68X,3
400 Meter,Boys,1,Track Event,Sprints,,Paul Henry,26,1,Foga Road High School,,46.21X,9
400 Meter,Girls,2,Track Event,Sprints,,Shameika Mclean,26,1,Foga Road High School,,52.22X,9
400 Meter,Girls,3,Track Event,Sprints,,Malya Mclennon,26,3,Holmwood Technical High School,,55.36X,6
400 Meter,Girls,2,Track Event,Sprints,,Annastacia Hall,26,3,Holmwood Technical High School,,54.22X,6
400 Meter,Girls,2,Track Event,Sprints,,Maddison Campbell,26,5,Holmwood Technical High School,,55.14X,4
400 Meter,Girls,1,Track Event,Sprints,,Abrina Wright,26,3,Holmwood Technical High School,,52.81X,6
400 Meter,Girls,1,Track Event,Sprints,,Kristen Herbert,26,5,Holmwood Technical High School,,54.64X,4
400 Meter,Boys,1,Track Event,Sprints,,Junior Galimore,26,2,Hydel High School,,46.33X,7
400 Meter,Girls,3,Track Event,Sprints,,Tyecia Mcdonald,26,1,Hydel High School,,55.00X,9
400 Meter,Girls,3,Track Event,Sprints,,Shaneil Henry,26,4,Hydel High School,,55.52X,5
400 Meter,Girls,2,Track Event,Sprints,,Sashana Johnson,26,2,Hydel High School,,53.43X,7
400 Meter,Girls,2,Track Event,Sprints,,Trisaenia Cohen,26,7,Hydel High School,,55.85X,2
400 Meter,Girls,1,Track Event,Sprints,,Nastassia Fletcher,26,2,Hydel High School,,52.48X,7
400 Meter,Girls,3,Track Event,Sprints,,Anya Johnson,26,7,Immaculate Conception High School,,58.46X,2
400 Meter,Girls,2,Track Event,Sprints,,Kimberly Wright,26,6,Immaculate Conception High School,,55.25X,3
400 Meter,Girls,1,Track Event,Sprints,,Davine Dickenson,26,4,Immaculate Conception High School,,53.43X,5
400 Meter,Boys,3,Track Event,Sprints,,Jayden White,26,1,Jamaica College,,50.10X,9
400 Meter,Boys,3,Track Event,Sprints,,Tariq Creary,26,2,Jamaica College,,50.69X,7
400 Meter,Boys,1,Track Event,Sprints,,Makaelan Woods,26,3,Jamaica College,,46.39X,6
400 Meter,Boys,1,Track Event,Sprints,,Omary Robinson,26,5,Jamaica College,,47.02X,4
400 Meter,Boys,2,Track Event,Sprints,,Oneil Lawrence,26,4,Jamaica College,,48.15X,5
400 Meter,Boys,3,Track Event,Sprints,,Taariq Gordon,26,4,Kingston College,,51.27X,5
400 Meter,Boys,3,Track Event,Sprints,,Maleeq Fellows,26,7,Kingston College,,53.53X,2
400 Meter,Boys,1,Track Event,Sprints,,Jabulani Mcleod,26,6,Kingston College,,47.14X,3
400 Meter,Boys,2,Track Event,Sprints,,Jason Pitter,26,1,Kingston College,,45.76X,9
400 Meter,Girls,3,Track Event,Sprints,,Tawaina Marston,26,6,Knox College,,57.90X,3
400 Meter,Boys,3,Track Event,Sprints,,Darrian Francis,26,3,Lacovia High School,,50.73X,6
400 Meter,Boys,2,Track Event,Sprints,,Nicholas Jones,26,5,Lacovia High School,,48.25X,4
400 Meter,Boys,2,Track Event,Sprints,,Tiene Barrett,26,7,Rusea's High School,,48.99X,2
400 Meter,Boys,3,Track Event,Sprints,,Olando Headley,26,6,St. Elizabeth Technical High School,,52.92X,3
400 Meter,Girls,1,Track Event,Sprints,,Shavanecia Griffiths,26,7,St. Elizabeth Technical High School,,55.79X,2
400 Meter,Boys,3,Track Event,Sprints,,Rhomarni Bennett,26,8,Titchfield High School,,53.92X,1
400 Meter,Boys,1,Track Event,Sprints,,Nishawn Walker,26,7,Titchfield High School,,47.52X,2
400 Meter,Boys,1,Track Event,Sprints,,Jabari Matheson,26,4,William Knibb Memorial High School,,46.67X,5
400 Meter,Boys,1,Track Event,Sprints,,Joshua Wint,26,8,William Knibb Memorial High School,,47.88X,1
400 Meter,Girls,3,Track Event,Sprints,,Khortnie Eccleston,26,5,William Knibb Memorial High School,,55.72X,4
400 Meter,Girls,2,Track Event,Sprints,,Daniellia Dixon,26,4,William Knibb Memorial High School,,54.78X,5
400 Meter,Boys,3,Track Event,Sprints,,Daejuan Hinds,26,5,Wolmer's Boys School,,51.87X,4
400 Meter,Boys,2,Track Event,Sprints,,Deandre Myers,26,8,Wolmer's Boys School,,50.05X,1
400 Meter Hurdles ,Boys,1,Track Event,Hurdles,,Micah Willis,26,5,Calabar High School,,53.58X,4
400 Meter Hurdles ,Boys,1,Track Event,Hurdles,,Durville Jackson,26,6,Calabar High School,,53.61X,3
400 Meter Hurdles ,Boys,2,Track Event,Hurdles,,Malik Thompson,26,5,Camperdown High School,,54.18X,4
400 Meter Hurdles ,Boys,2,Track Event,Hurdles,,Kemar Mclennon,26,8,Cornwall College,,58.20X,1
400 Meter Hurdles ,Girls,Open,Track Event,Hurdles,,Kellyann Carr,26,2,Edwin Allen High School,,56.84X,7
400 Meter Hurdles ,Girls,Open,Track Event,Hurdles,,Marria Crossfield,26,4,Edwin Allen High School,,59.65X,5
400 Meter Hurdles ,Boys,1,Track Event,Hurdles,,Orando Pine,26,7,Edwin Allen High School,,54.37X,2
400 Meter Hurdles ,Boys,2,Track Event,Hurdles,,Jaeden Campbell,26,1,Excelsior High School,,50.87X,9
400 Meter Hurdles ,Boys,1,Track Event,Hurdles,,Kishawn Hoffman,26,3,Excelsior High School,,51.64X,6
400 Meter Hurdles ,Boys,1,Track Event,Hurdles,,Demarco Bennett,26,4,Excelsior High School,,52.75X,5
400 Meter Hurdles ,Girls,Open,Track Event,Hurdles,,Shannaty Burke,26,8,Ferncourt High School,,1:02.40X,1
400 Meter Hurdles ,Girls,Open,Track Event,Hurdles,,Nastassia Fletcher,26,1,Hydel High School,,56.70X,9
400 Meter Hurdles ,Girls,Open,Track Event,Hurdles,,Aaliyah Mullings,26,3,Hydel High School,,59.25X,6
400 Meter Hurdles ,Boys,2,Track Event,Hurdles,,Kavion Minnott,26,2,Hydel High School,,52.49X,7
400 Meter Hurdles ,Boys,1,Track Event,Hurdles,,Robert Miller,26,--,Hydel High School,,DNFX,0
400 Meter Hurdles ,Boys,2,Track Event,Hurdles,,Gregory Williams,26,3,Jamaica College,,53.05X,6
400 Meter Hurdles ,Boys,1,Track Event,Hurdles,,Rojay Black,26,2,Jamaica College,,50.86X,7
400 Meter Hurdles ,Boys,2,Track Event,Hurdles,,Brandon Bennett,26,7,Kingston College,,55.99X,2
400 Meter Hurdles ,Boys,1,Track Event,Hurdles,,Jahvanie Tyrell,26,1,Kingston College,,50.63X,9
400 Meter Hurdles ,Girls,Open,Track Event,Hurdles,,Sheneca Harris,26,5,Port Antonio High School,,59.86X,4
400 Meter Hurdles ,Girls,Open,Track Event,Hurdles,,Chennai Jarrett,26,6,St. Elizabeth Technical High School,,1:00.87X,3
400 Meter Hurdles ,Boys,2,Track Event,Hurdles,,Malique Cunningham,26,6,St. George's College,,54.56X,3
400 Meter Hurdles ,Girls,Open,Track Event,Hurdles,,Alyssa Carty,26,7,St. Jago High School,,1:01.92X,2
400 Meter Hurdles ,Boys,2,Track Event,Hurdles,,Raneil Burke,26,4,St. Jago High School,,53.22X,5
4X100 Meter Relay,Boys,1,Track Event,Relay,,Calabar High School,26,6,Calabar High School,,40.13,4
4X100 Meter Relay,Boys,2,Track Event,Relay,,Calabar High School,26,2,Calabar High School,,40.42,10
4X100 Meter Relay,Boys,3,Track Event,Relay,,Calabar High School,26,5,Calabar High School,,43.97,5
4X100 Meter Relay,Boys,3,Track Event,Relay,,Campion College,26,--,Campion College,,DNF,0
4X100 Meter Relay,Girls,2,Track Event,Relay,,Campion College,26,6,Campion College,,47.91,4
4X100 Meter Relay,Girls,3,Track Event,Relay,,Convent of Mercy Academy (ALPHA),26,1,Convent of Mercy Academy (ALPHA),,45.59,12
4X100 Meter Relay,Girls,4,Track Event,Relay,,Convent of Mercy Academy (ALPHA),26,8,Convent of Mercy Academy (ALPHA),,49.92,2
4X100 Meter Relay,Boys,1,Track Event,Relay,,Edwin Allen High School,26,5,Edwin Allen High School,,40.1,5
4X100 Meter Relay,Boys,2,Track Event,Relay,,Edwin Allen High School,26,5,Edwin Allen High School,,41.13,5
4X100 Meter Relay,Girls,1,Track Event,Relay,,Edwin Allen High School,26,1,Edwin Allen High School,,44.43,12
4X100 Meter Relay,Girls,2,Track Event,Relay,,Edwin Allen High School,26,2,Edwin Allen High School,,45.25,10
4X100 Meter Relay,Girls,3,Track Event,Relay,,Edwin Allen High School,26,2,Edwin Allen High School,,45.81,10
4X100 Meter Relay,Girls,4,Track Event,Relay,,Edwin Allen High School,26,1,Edwin Allen High School,,47.64,12
4X100 Meter Relay,Boys,1,Track Event,Relay,,Excelsior High School,26,1,Excelsior High School,,39.53,12
4X100 Meter Relay,Girls,1,Track Event,Relay,,Excelsior High School,26,--,Excelsior High School,,DNS,0
4X100 Meter Relay,Girls,3,Track Event,Relay,,Ferncourt High School,26,8,Ferncourt High School,,48.36,2
4X100 Meter Relay,Boys,3,Track Event,Relay,,Holmwood Technical High School,26,--,Holmwood Technical High School,,FS,0
4X100 Meter Relay,Girls,1,Track Event,Relay,,Holmwood Technical High School,26,3,Holmwood Technical High School,,46.8,8
4X100 Meter Relay,Girls,2,Track Event,Relay,,Holmwood Technical High School,26,5,Holmwood Technical High School,,47.79,5
4X100 Meter Relay,Girls,3,Track Event,Relay,,Holmwood Technical High School,26,6,Holmwood Technical High School,,47.64,4
4X100 Meter Relay,Girls,4,Track Event,Relay,,Holmwood Technical High School,26,6,Holmwood Technical High School,,49.34,4
4X100 Meter Relay,Girls,1,Track Event,Relay,,Hydel High School,26,2,Hydel High School,,46.25,10
4X100 Meter Relay,Girls,2,Track Event,Relay,,Hydel High School,26,3,Hydel High School,,45.31,8
4X100 Meter Relay,Girls,3,Track Event,Relay,,Hydel High School,26,4,Hydel High School,,47.25,6
4X100 Meter Relay,Girls,4,Track Event,Relay,,Hydel High School,26,2,Hydel High School,,48.36,10
4X100 Meter Relay,Girls,2,Track Event,Relay,,Immaculate Conception High School,26,--,Immaculate Conception High School,,DNF,0
4X100 Meter Relay,Girls,3,Track Event,Relay,,Immaculate Conception High School,26,7,Immaculate Conception High School,,48.04,3
4X100 Meter Relay,Girls,4,Track Event,Relay,,Immaculate Conception High School,26,5,Immaculate Conception High School,,48.7,5
4X100 Meter Relay,Boys,1,Track Event,Relay,,Jamaica College,26,2,Jamaica College,,39.66,10
4X100 Meter Relay,Boys,2,Track Event,Relay,,Jamaica College,26,1,Jamaica College,,40.32,12
4X100 Meter Relay,Boys,3,Track Event,Relay,,Jamaica College,26,2,Jamaica College,,43.31,10
4X100 Meter Relay,Boys,1,Track Event,Relay,,Kingston College,26,3,Kingston College,,39.66,8
4X100 Meter Relay,Boys,2,Track Event,Relay,,Kingston College,26,3,Kingston College,,40.48,8
4X100 Meter Relay,Boys,3,Track Event,Relay,,Kingston College,26,4,Kingston College,,43.42,6
4X100 Meter Relay,Boys,3,Track Event,Relay,,Manchester High School,26,6,Manchester High School,,43.97,4
4X100 Meter Relay,Girls,1,Track Event,Relay,,Mount Alvernia High School,26,4,Mount Alvernia High School,,46.82,6
4X100 Meter Relay,Girls,3,Track Event,Relay,,Mount Alvernia High School,26,3,Mount Alvernia High School,,46.9,8
4X100 Meter Relay,Boys,1,Track Event,Relay,,Petersfield High School,26,7,Petersfield High School,,40.44,3
4X100 Meter Relay,Girls,4,Track Event,Relay,,St. Andrew High School for Girls,26,7,St. Andrew High School for Girls,,49.81,3
4X100 Meter Relay,Girls,1,Track Event,Relay,,St. Catherine High School,26,7,St. Catherine High School,,47.86,3
4X100 Meter Relay,Boys,2,Track Event,Relay,,St. George'S College,26,--,St. George's College,,DQ,0
4X100 Meter Relay,Boys,2,Track Event,Relay,,St. Jago High School,26,6,St. Jago High School,,41.87,4
4X100 Meter Relay,Boys,3,Track Event,Relay,,St. Jago High School,26,3,St. Jago High School,,43.41,8
4X100 Meter Relay,Girls,1,Track Event,Relay,,St. Jago High School,26,5,St. Jago High School,,47.35,5
4X100 Meter Relay,Girls,2,Track Event,Relay,,St. Jago High School,26,1,St. Jago High School,,44.81,12
4X100 Meter Relay,Girls,3,Track Event,Relay,,St. Jago High School,26,5,St. Jago High School,,47.44,5
4X100 Meter Relay,Boys,2,Track Event,Relay,,Vere Technical High School,26,--,Vere Technical High School,,DNF,0
4X100 Meter Relay,Girls,1,Track Event,Relay,,Vere Technical High School,26,6,Vere Technical High School,,47.72,4
4X100 Meter Relay,Girls,2,Track Event,Relay,,Vere Technical High School,26,--,Vere Technical High School,,DNF,0
4X100 Meter Relay,Girls,4,Track Event,Relay,,Vere Technical High School,26,3,Vere Technical High School,,48.44,8
4X100 Meter Relay,Boys,1,Track Event,Relay,,William Knibb Memorial High School,26,4,William Knibb Memorial High School,,40.04,6
4X100 Meter Relay,Boys,1,Track Event,Relay,,Wolmer'S Boys School,26,8,Wolmer's Boys School,,40.59,2
4X100 Meter Relay,Boys,2,Track Event,Relay,,Wolmer'S Boys School,26,4,Wolmer's Boys School,,41.06,6
4X100 Meter Relay,Boys,3,Track Event,Relay,,Wolmer'S Boys School,26,1,Wolmer's Boys School,,42.7,12
4X100 Meter Relay,Girls,2,Track Event,Relay,,Wolmer's Trust High School For Girls,26,4,Wolmer's Trust High School For Girls,,46.49,6
4X100 Meter Relay,Girls,4,Track Event,Relay,,Wolmer's Trust High School For Girls,26,4,Wolmer's Trust High School For Girls,,48.47,6
4x400 Meter Relay ,Girls,Open,Track Event,Relay,,Alphansus Davis High School,26,--,Alphansus Davis High School,,DQ,0
4x400 Meter Relay ,Boys,Open,Track Event,Relay,,Calabar High School,26,--,Calabar High School,,FS,0
4x400 Meter Relay ,Girls,Open,Track Event,Relay,,Convent of Mercy Academy (ALPHA),26,4,Convent of Mercy Academy (ALPHA),,03:49.9,6
4x400 Meter Relay ,Boys,Open,Track Event,Relay,,Edwin Allen High School,26,5,Edwin Allen High School,,03:13.7,5
4x400 Meter Relay ,Girls,Open,Track Event,Relay,,Edwin Allen High School,26,2,Edwin Allen High School,,03:35.2,10
4x400 Meter Relay ,Boys,Open,Track Event,Relay,,Excelsior High School,26,3,Excelsior High School,,03:10.0,8
4x400 Meter Relay ,Boys,Open,Track Event,Relay,,Holmwood Technical High School,26,6,Holmwood Technical High School,,03:13.9,4
4x400 Meter Relay ,Girls,Open,Track Event,Relay,,Holmwood Technical High School,26,3,Holmwood Technical High School,,03:39.6,8
4x400 Meter Relay ,Girls,Open,Track Event,Relay,,Hydel High School,26,1,Hydel High School,,03:33.7,12
4x400 Meter Relay ,Girls,Open,Track Event,Relay,,Immaculate Conception High School,26,--,Immaculate Conception High School,,DNS,0
4x400 Meter Relay ,Boys,Open,Track Event,Relay,,Jamaica College,26,1,Jamaica College,,03:08.2,12
4x400 Meter Relay ,Boys,Open,Track Event,Relay,,Kingston College,26,2,Kingston College,,03:08.7,10
4x400 Meter Relay ,Girls,Open,Track Event,Relay,,Mount Alvernia High School,26,5,Mount Alvernia High School,,03:51.0,5
4x400 Meter Relay ,Boys,Open,Track Event,Relay,,Munro College,26,4,Munro College,,03:12.7,6
4x400 Meter Relay ,Girls,Open,Track Event,Relay,,Vere Technical High School,26,--,Vere Technical High School,,DNS,0
4x400 Meter Relay ,Boys,Open,Track Event,Relay,,William Knibb Memorial High School,26,--,William Knibb Memorial High School,,DQ,0
5000 Meter,Boys,Open,Track Event,Long Distance,,Jevaughn Henry,26,4,Bellefield High School,,16:36.03X,5
5000 Meter,Boys,Open,Track Event,Long Distance,,Roshane Johnson,26,8,Bellefield High School,,17:11.96X,1
5000 Meter,Boys,Open,Track Event,Long Distance,,Odane Davidson,26,7,Calabar High School,,16:59.75X,2
5000 Meter,Boys,Open,Track Event,Long Distance,,Tavar Flemmings,26,--,Calabar High School,,DNSX,0
5000 Meter,Boys,Open,Track Event,Long Distance,,Amarii Brightley,26,6,Campion College,,16:50.27X,3
5000 Meter,Boys,Open,Track Event,Long Distance,,Jonathan Leiba,26,12,Campion College,,17:52.40X,0
5000 Meter,Boys,Open,Track Event,Long Distance,,Kayvon Donaldson,26,9,Cornwall College,,17:12.08X,0
5000 Meter,Boys,Open,Track Event,Long Distance,,Moses Johnson,26,5,Edwin Allen High School,,16:47.96X,4
5000 Meter,Boys,Open,Track Event,Long Distance,,Oshane Windett,26,13,Edwin Allen High School,,17:57.01X,0
5000 Meter,Boys,Open,Track Event,Long Distance,,Givanie Wilson,26,14,Greater Portmore High School,,19:03.88X,0
5000 Meter,Boys,Open,Track Event,Long Distance,,Evans Tetteh,26,2,Jamaica College,,15:48.22X,7
5000 Meter,Boys,Open,Track Event,Long Distance,,Dominic Amponsah,26,3,Jamaica College,,16:20.30X,6
5000 Meter,Boys,Open,Track Event,Long Distance,,Chris Wanjiku,26,10,Kingston College,,17:20.62X,0
5000 Meter,Boys,Open,Track Event,Long Distance,,Stephen Muturi,26,--,Kingston College,,DNSX,0
5000 Meter,Boys,Open,Track Event,Long Distance,,Ryan Achau,26,1,St. Jago High School,,14:42.32X,9
5000 Meter,Boys,Open,Track Event,Long Distance,,Escott Beckford,26,11,Titchfield High School,,17:49.94X,0
70 Meter Hurdles ,Girls,4,Track Event,Hurdles,-0.6,Aleisha Mcdonald,26,3,Convent of Mercy Academy (ALPHA),,10.78X,6
70 Meter Hurdles ,Girls,4,Track Event,Hurdles,-0.6,Shamera Samuels,26,6,Edwin Allen High School,,10.90X,3
70 Meter Hurdles ,Girls,4,Track Event,Hurdles,-0.6,Keneisha Robinson,26,1,Hydel High School,,10.68X,9
70 Meter Hurdles ,Girls,4,Track Event,Hurdles,-0.6,Tahir Grant,26,8,Immaculate Conception High School,,11.23X,1
70 Meter Hurdles ,Girls,4,Track Event,Hurdles,-0.6,Jesanique Scott,26,5,St. Andrew High School for Girls,,10.88X,4
70 Meter Hurdles ,Girls,4,Track Event,Hurdles,-0.6,Dajahna Foster,26,7,St. Jago High School,,11.20X,2
70 Meter Hurdles ,Girls,4,Track Event,Hurdles,-0.6,Jahmara Osbourne,26,2,Vere Technical High School,,10.70X,7
70 Meter Hurdles ,Girls,4,Track Event,Hurdles,-0.6,Brianna King,26,4,Vere Technical High School,,10.78X,5
800 Meter,Girls,1,Track Event,Middle Distance,,Ameiah Samuel,26,4,Alphansus Davis High School,,2:11.91X,5
800 Meter,Girls,2,Track Event,Middle Distance,,Alikay Reynolds,26,2,Alphansus Davis High School,,2:11.49X,7
800 Meter,Girls,2,Track Event,Middle Distance,,Tabbrel Williams,26,8,Alphansus Davis High School,,2:18.00X,1
800 Meter,Boys,1,Track Event,Middle Distance,,Dujhauntai Lewis,26,--,Calabar High School,,DNFX,0
800 Meter,Boys,2,Track Event,Middle Distance,,Amari Minott,26,8,Calabar High School,,2:00.99X,1
800 Meter,Boys,3,Track Event,Middle Distance,,Zodane Lewis,26,8,Clarendon College,,2:11.75X,1
800 Meter,Girls,3,Track Event,Middle Distance,,Alexjordan Hall,26,1,Clarendon College,,2:14.92X,9
800 Meter,Boys,2,Track Event,Middle Distance,,Markland Williams,26,1,Denbigh High School,,1:52.58X,9
800 Meter,Boys,1,Track Event,Middle Distance,,Joel Morgan,26,1,Edwin Allen High School,,1:49.93X,9
800 Meter,Boys,1,Track Event,Middle Distance,,Malike Anderson,26,3,Edwin Allen High School,,1:51.31X,6
800 Meter,Girls,1,Track Event,Middle Distance,,Horecia Love,26,3,Edwin Allen High School,,2:11.53X,6
800 Meter,Girls,2,Track Event,Middle Distance,,Kevongaye Fowler,26,1,Edwin Allen High School,,2:09.96X,9
800 Meter,Girls,3,Track Event,Middle Distance,,Aneka Lowe,26,4,Edwin Allen High School,,2:23.59X,5
800 Meter,Girls,3,Track Event,Middle Distance,,Romeann Gray,26,--,Edwin Allen High School,,DNFX,0
800 Meter,Boys,2,Track Event,Middle Distance,,Antuwan Newland,26,7,Holmwood Technical High School,,1:58.35X,2
800 Meter,Boys,3,Track Event,Middle Distance,,Joshua Pryce,26,7,Holmwood Technical High School,,2:08.00X,2
800 Meter,Girls,1,Track Event,Middle Distance,,Jovi Rose,26,8,Holmwood Technical High School,,2:17.64X,1
800 Meter,Girls,2,Track Event,Middle Distance,,Tracey-Ann Evans,26,7,Holmwood Technical High School,,2:16.67X,2
800 Meter,Girls,3,Track Event,Middle Distance,,Felicia Compass,26,3,Holmwood Technical High School,,2:18.47X,6
800 Meter,Girls,1,Track Event,Middle Distance,,Rihanna Morgan,26,2,Hydel High School,,2:11.30X,7
800 Meter,Girls,2,Track Event,Middle Distance,,Dallia Fairweather,26,3,Hydel High School,,2:12.51X,6
800 Meter,Girls,3,Track Event,Middle Distance,,Shaneil Henry,26,7,Hydel High School,,2:36.04X,2
800 Meter,Girls,1,Track Event,Middle Distance,,Davine Dickenson,26,1,Immaculate Conception High School,,2:10.21X,9
800 Meter,Boys,1,Track Event,Middle Distance,,Shemar Green,26,6,Jamaica College,,1:52.37X,3
800 Meter,Boys,1,Track Event,Middle Distance,,Carlos Brison-Caines,26,7,Jamaica College,,1:53.17X,2
800 Meter,Boys,2,Track Event,Middle Distance,,Cavel Nooks,26,2,Jamaica College,,1:54.21X,7
800 Meter,Boys,3,Track Event,Middle Distance,,Ajovi Williams,26,2,Jamaica College,,1:58.54X,7
800 Meter,Boys,3,Track Event,Middle Distance,,Rickardo Lee,26,3,Jamaica College,,1:59.43X,6
800 Meter,Boys,1,Track Event,Middle Distance,,Nahashon Ruto,26,4,Kingston College,,1:51.60X,5
800 Meter,Boys,3,Track Event,Middle Distance,,Julius Itubo,26,1,Kingston College,,1:57.52X,9
800 Meter,Boys,3,Track Event,Middle Distance,,Kenardo Coley,26,5,Kingston College,,2:06.79X,4
800 Meter,Girls,3,Track Event,Middle Distance,,Sakina Peterkin,26,6,Manchester High School,,2:28.85X,3
800 Meter,Boys,3,Track Event,Middle Distance,,Jason Johnson,26,4,Munro College,,2:02.80X,5
800 Meter,Boys,3,Track Event,Middle Distance,,Jevaunie Lawson,26,6,Munro College,,2:07.97X,3
800 Meter,Girls,2,Track Event,Middle Distance,,Sheneca Harris,26,6,Port Antonio High School,,2:16.41X,3
800 Meter,Girls,3,Track Event,Middle Distance,,Gabrielle Francis,26,5,St. Catherine High School,,2:24.47X,4
800 Meter,Boys,1,Track Event,Middle Distance,,Kiile Reid,26,2,St. Elizabeth Technical High School,,1:50.90X,7
800 Meter,Girls,1,Track Event,Middle Distance,,Shavanecia Griffiths,26,6,St. Elizabeth Technical High School,,2:13.75X,3
800 Meter,Boys,2,Track Event,Middle Distance,,Khieme Campbell,26,4,St. Jago High School,,1:57.05X,5
800 Meter,Girls,2,Track Event,Middle Distance,,Jada Fletcher,26,5,St. Jago High School,,2:14.83X,4
800 Meter,Boys,2,Track Event,Middle Distance,,Luke Plummer,26,6,Sydney Pagon Academy,,1:57.51X,3
800 Meter,Girls,1,Track Event,Middle Distance,,Annataseca Blackwood,26,5,Sydney Pagon Academy,,2:12.05X,4
800 Meter,Girls,1,Track Event,Middle Distance,,Denae Hodges,26,7,Sydney Pagon Academy,,2:16.10X,2
800 Meter,Girls,3,Track Event,Middle Distance,,Kamoya Graham,26,2,Sydney Pagon Academy,,2:17.94X,7
800 Meter,Girls,2,Track Event,Middle Distance,,Keyah Anderson,26,4,The Queen's School,,2:14.41X,5
800 Meter,Boys,2,Track Event,Middle Distance,,Ratieo Walters,26,3,Titchfield High School,,1:55.45X,6
800 Meter,Boys,1,Track Event,Middle Distance,,Thywaine Sterling,26,5,William Knibb Memorial High School,,1:51.76X,4
800 Meter,Boys,2,Track Event,Middle Distance,,Alfario Cunningham,26,5,Wolmer's Boys School,,1:57.44X,4
80 Meter Hurdles ,Girls,3,Track Event,Hurdles,-3.4,Azaria Harris,26,2,Convent of Mercy Academy (ALPHA),,10.96X,7
80 Meter Hurdles ,Girls,3,Track Event,Hurdles,-3.4,Tashana Godfrey,26,1,Edwin Allen High School,,10.80X,9
80 Meter Hurdles ,Girls,3,Track Event,Hurdles,-3.4,Danelia Clarke,26,3,Edwin Allen High School,,11.14X,6
80 Meter Hurdles ,Girls,3,Track Event,Hurdles,-3.4,Devonnie Francis,26,4,Holmwood Technical High School,,11.36X,5
80 Meter Hurdles ,Girls,3,Track Event,Hurdles,-3.4,Clemoya Roberts,26,6,Hydel High School,,11.84X,3
80 Meter Hurdles ,Girls,3,Track Event,Hurdles,-3.4,Niara Mcleod,26,8,Immaculate Conception High School,,12.00X,1
80 Meter Hurdles ,Girls,3,Track Event,Hurdles,-3.4,Shanice Williams,26,7,St. Jago High School,,11.95X,2
80 Meter Hurdles ,Girls,3,Track Event,Hurdles,-3.4,Odainna Creary,26,5,Wolmer's Trust High School For Girls,,11.43X,4
Discus Throw ,Girls,1,Field Event,Throws,,Drisana Douse,26,9,Bridgeport High School,,39.00mX,0
Discus Throw ,Boys,1,Field Event,Throws,,Kamari Kennedy,26,2,Calabar High School,,60.84mX,7
Discus Throw ,Boys,1,Field Event,Throws,,De-Andre Henry,26,4,Calabar High School,,57.27mX,5
Discus Throw ,Boys,2,Field Event,Throws,,Kidane Linton,26,5,Calabar High School,,46.02mX,4
Discus Throw ,Boys,2,Field Event,Throws,,Andrus Molloy,26,10,Calabar High School,,39.67mX,0
Discus Throw ,Girls,1,Field Event,Throws,,Marla-Kay Lampart,26,3,Clarendon College,,47.51mX,6
Discus Throw ,Girls,2,Field Event,Throws,,Jamelia Young,26,1,Clarendon College,,48.40mX,9
Discus Throw ,Girls,3,Field Event,Throws,,Aliyah Dennis,26,5,Clarendon College,,34.93mX,4
Discus Throw ,Girls,1,Field Event,Throws,,Saje Cruickshank,26,7,Convent of Mercy Academy (ALPHA),,42.13mX,2
Discus Throw ,Girls,2,Field Event,Throws,,Jordean English,26,12,Convent of Mercy Academy (ALPHA),,31.40mX,0
Discus Throw ,Girls,3,Field Event,Throws,,Tashanti Fearon,26,13,Convent of Mercy Academy (ALPHA),,25.60mX,0
Discus Throw ,Boys,2,Field Event,Throws,,Junior Wright,26,--,Cornwall College,,FOULX,0
Discus Throw ,Boys,2,Field Event,Throws,,Marquis Ledgister,26,9,Denbigh High School,,41.63mX,0
Discus Throw ,Girls,3,Field Event,Throws,,Selina Benjamin,26,7,Denbigh High School,,34.04mX,2
Discus Throw ,Girls,1,Field Event,Throws,,Dionjah Shaw,26,2,Edwin Allen High School,,47.61mX,7
Discus Throw ,Boys,1,Field Event,Throws,,Clinton Baker,26,10,Edwin Allen High School,,50.76mX,0
Discus Throw ,Boys,2,Field Event,Throws,,Essain Clarke,26,7,Edwin Allen High School,,43.35mX,2
Discus Throw ,Girls,2,Field Event,Throws,,Shandre Brown,26,6,Edwin Allen High School,,39.34mX,3
Discus Throw ,Girls,2,Field Event,Throws,,Fabiana Perry,26,8,Edwin Allen High School,,37.63mX,1
Discus Throw ,Girls,3,Field Event,Throws,,Demeca Baxter,26,12,Edwin Allen High School,,30.03mX,0
Discus Throw ,Girls,1,Field Event,Throws,,Akayla Brown,26,8,Excelsior High School,,40.67mX,1
Discus Throw ,Girls,1,Field Event,Throws,,Kayla Honeywell,26,11,Excelsior High School,,35.98mX,0
Discus Throw ,Girls,2,Field Event,Throws,,Zoeyann Plummer,26,3,Excelsior High School,,44.65mX,6
Discus Throw ,Girls,2,Field Event,Throws,,Enola Myers,26,10,Excelsior High School,,37.20mX,0
Discus Throw ,Girls,2,Field Event,Throws,,Paulandra James,26,11,Godfrey Stewart High School,,35.11mX,0
Discus Throw ,Boys,2,Field Event,Throws,,Xavier Tracey,26,6,Happy Grove High School,,45.43mX,3
Discus Throw ,Girls,3,Field Event,Throws,,Dajounae Rudolph,26,1,Holmwood Technical High School,,43.88mX,9
Discus Throw ,Girls,3,Field Event,Throws,,Amellia Simpson,26,6,Holmwood Technical High School,,34.69mX,3
Discus Throw ,Girls,2,Field Event,Throws,,Brandane Malcom,26,2,Hydel High School,,44.93mX,7
Discus Throw ,Girls,1,Field Event,Throws,,Jada Francis,26,6,Immaculate Conception High School,,44.85mX,3
Discus Throw ,Girls,2,Field Event,Throws,,Jamie-Lee Tulloch,26,5,Immaculate Conception High School,,40.50mX,4
Discus Throw ,Girls,2,Field Event,Throws,,Zoelle Jamel,26,9,Immaculate Conception High School,,37.34mX,0
Discus Throw ,Boys,1,Field Event,Throws,,Joseph Salmon,26,1,Jamaica College,,67.55mX,9
Discus Throw ,Boys,1,Field Event,Throws,,Denzel Phillips,26,5,Jamaica College,,55.66mX,4
Discus Throw ,Boys,2,Field Event,Throws,,Nasir D'Aguilar,26,1,Jamaica College,,54.18mX,9
Discus Throw ,Boys,2,Field Event,Throws,,Jaafari Shaw,26,--,Jamaica College,,FOULX,0
Discus Throw ,Boys,1,Field Event,Throws,,Nkosana Johnson,26,8,Kingston College,,54.11mX,1
Discus Throw ,Boys,1,Field Event,Throws,,Daijon Budhai,26,9,Kingston College,,53.03mX,0
Discus Throw ,Boys,2,Field Event,Throws,,Saniyon Mcleod,26,8,Kingston College,,42.34mX,1
Discus Throw ,Girls,1,Field Event,Throws,,Abigail Bennett,26,1,Merl Grove High School,,47.63mX,9
Discus Throw ,Girls,3,Field Event,Throws,,Mickalah Harriott,26,9,Merl Grove High School,,32.54mX,0
Discus Throw ,Boys,1,Field Event,Throws,,Sean-Christian Salmon,26,12,Mona High School,,48.53mX,0
Discus Throw ,Boys,1,Field Event,Throws,,Rajeem Streete,26,3,Munro College,,59.13mX,6
Discus Throw ,Boys,1,Field Event,Throws,,Javontae Smith,26,7,Munro College,,54.51mX,2
Discus Throw ,Boys,2,Field Event,Throws,,Brandon Lawrence,26,2,Munro College,,50.47mX,7
Discus Throw ,Boys,2,Field Event,Throws,,Ashan Haffenden,26,3,Munro College,,46.80mX,6
Discus Throw ,Boys,1,Field Event,Throws,,Tyrone Henry,26,11,Papine High School,,50.62mX,0
Discus Throw ,Girls,3,Field Event,Throws,,Khayann Jackson,26,10,St. Andrew Technical High School,,32.34mX,0
Discus Throw ,Boys,1,Field Event,Throws,,Adrian Daley,26,6,St. Catherine High School,,54.89mX,3
Discus Throw ,Girls,2,Field Event,Throws,,Davieka Lewis,26,4,St. Elizabeth Technical High School,,43.02mX,5
Discus Throw ,Girls,3,Field Event,Throws,,Tauntyae Sherman,26,3,St. Elizabeth Technical High School,,38.09mX,6
Discus Throw ,Girls,1,Field Event,Throws,,Rehanna Biggs,26,5,St. Jago High School,,45.46mX,4
Discus Throw ,Boys,2,Field Event,Throws,,Jhaidon-Mickai Williams,26,4,St. Jago High School,,46.14mX,5
Discus Throw ,Girls,3,Field Event,Throws,,Savannah Mckenzie,26,4,St. Jago High School,,37.32mX,5
Discus Throw ,Girls,3,Field Event,Throws,,Celeecia Mccleary,26,11,St. Jago High School,,31.59mX,0
Discus Throw ,Girls,1,Field Event,Throws,,Ramona Freemantle,26,4,Vere Technical High School,,45.79mX,5
Discus Throw ,Girls,1,Field Event,Throws,,Gabriel Merchant,26,10,Vere Technical High School,,38.33mX,0
Discus Throw ,Girls,2,Field Event,Throws,,Ninka Comrie,26,7,Vere Technical High School,,38.56mX,2
Discus Throw ,Girls,3,Field Event,Throws,,Katya Christie,26,2,Vere Technical High School,,41.92mX,7
Discus Throw ,Girls,3,Field Event,Throws,,Shanique Mcgowan,26,8,Vere Technical High School,,33.27mX,1
Discus Throw ,Girls,1,Field Event,Throws,,Bethany Thomas,26,12,Wolmer's Trust High School For Girls,,35.81mX,0
High Jump ,Girls,1,Field Event,Jumps,,Tasheka Thomas,26,5,Alphansus Davis High School,,1.55mX,2.5
High Jump ,Girls,2,Field Event,Jumps,,Tashona Brown,26,9,Alphansus Davis High School,,1.65mX,0
High Jump ,Girls,3,Field Event,Jumps,,Jessica Francis,26,2,Alphansus Davis High School,,1.68mX,6.5
High Jump ,Girls,1,Field Event,Jumps,,Annecia Strachan,26,5,Buff Bay High School,,1.55mX,2.5
High Jump ,Boys,1,Field Event,Jumps,,Kaleel Samuels,26,8,Calabar High School,,1.90mX,0.5
High Jump ,Boys,2,Field Event,Jumps,,Shamar Shaw,26,8,Calabar High School,,1.85mX,0.33
High Jump ,Boys,3,Field Event,Jumps,,Imaney Samuels,26,7,Calabar High School,,1.65mX,1.5
High Jump ,Boys,3,Field Event,Jumps,,Jayden Watson,26,10,Calabar High School,,1.55mX,0
High Jump ,Boys,2,Field Event,Jumps,,Joshua Parchment,26,4,Campion College,,1.90mX,5
High Jump ,Girls,2,Field Event,Jumps,,Stefvanco Henry,26,6,Campion College,,1.65mX,2.5
High Jump ,Girls,4,Field Event,Jumps,,Ziva Mcconnell,26,12,Campion College,,1.35mX,0
High Jump ,Girls,1,Field Event,Jumps,,Danielle Brown-Lyn,26,11,Convent of Mercy Academy (ALPHA),,1.55mX,0
High Jump ,Girls,2,Field Event,Jumps,,Sharrian Morris,26,12,Convent of Mercy Academy (ALPHA),,1.55mX,0
High Jump ,Girls,3,Field Event,Jumps,,Tyanna Troupe,26,8,Convent of Mercy Academy (ALPHA),,1.55mX,0.5
High Jump ,Girls,4,Field Event,Jumps,,Nasirah Diston,26,4,Convent of Mercy Academy (ALPHA),,1.50mX,4.5
High Jump ,Boys,1,Field Event,Jumps,,Carlyle Tinglin,26,7,Cornwall College,,1.95mX,2
High Jump ,Girls,1,Field Event,Jumps,,Akaylea Brown,26,1,Edwin Allen High School,,1.70mX,9
High Jump ,Girls,3,Field Event,Jumps,,Kemoya Campbell,26,2,Edwin Allen High School,,1.68mX,6.5
High Jump ,Girls,3,Field Event,Jumps,,Zodieon Baker,26,5,Edwin Allen High School,,1.60mX,4
High Jump ,Girls,4,Field Event,Jumps,,Leantrae Williams,26,9,Edwin Allen High School,,1.40mX,0
High Jump ,Boys,3,Field Event,Jumps,,Tyshan Thompson,26,9,Excelsior High School,,1.65mX,0
High Jump ,Girls,1,Field Event,Jumps,,Shauntai Pryce,26,4,Excelsior High School,,1.60mX,5
High Jump ,Girls,3,Field Event,Jumps,,Jai-Doir Ricketts,26,8,Excelsior High School,,1.55mX,0.5
High Jump ,Boys,2,Field Event,Jumps,,Dandre Mckenzie,26,8,Happy Grove High School,,1.85mX,0.33
High Jump ,Boys,3,Field Event,Jumps,,Trevan Newell,26,10,Happy Grove High School,,1.55mX,0
High Jump ,Boys,2,Field Event,Jumps,,Leondrae Thomas-Moodie,26,6,Herbert Morrison Technical High,,1.85mX,2.5
High Jump ,Boys,2,Field Event,Jumps,,Rayjaun Rankine,26,6,Herbert Morrison Technical High,,1.85mX,2.5
High Jump ,Boys,3,Field Event,Jumps,,Nathaniel Quashie,26,7,Herbert Morrison Technical High,,1.65mX,1.5
High Jump ,Girls,1,Field Event,Jumps,,Mikayla Longmore,26,10,Holmwood Technical High School,,1.55mX,0
High Jump ,Girls,3,Field Event,Jumps,,Afharia Anderson,26,7,Holmwood Technical High School,,1.60mX,2
High Jump ,Girls,3,Field Event,Jumps,,Ashley Dyke,26,11,Holmwood Technical High School,,1.50mX,0
High Jump ,Girls,4,Field Event,Jumps,,Abigail Mckenzie,26,11,Holmwood Technical High School,,1.35mX,0
High Jump ,Girls,1,Field Event,Jumps,,Sabrina Atkinson,26,3,Hydel High School,,1.60mX,6
High Jump ,Girls,2,Field Event,Jumps,,Zavien Bernard,26,1,Hydel High School,,1.76mX,9
High Jump ,Girls,2,Field Event,Jumps,,Jada Irons,26,6,Hydel High School,,1.65mX,2.5
High Jump ,Girls,3,Field Event,Jumps,,Desta Robinson,26,6,Hydel High School,,1.60mX,3
High Jump ,Girls,4,Field Event,Jumps,,Tiana Shirley,26,3,Hydel High School,,1.50mX,6
High Jump ,Girls,3,Field Event,Jumps,,Sanique Watt,26,1,Immaculate Conception High School,,1.71mX,9
High Jump ,Girls,4,Field Event,Jumps,,Tahirra Anthony,26,1,Immaculate Conception High School,,1.58mX,9
High Jump ,Boys,1,Field Event,Jumps,,Jaidi James,26,6,Jamaica College,,2.00mX,3
High Jump ,Boys,1,Field Event,Jumps,,Domanicc Clarke,26,11,Jamaica College,,1.90mX,0
High Jump ,Boys,2,Field Event,Jumps,,Siedu Hamm,26,3,Jamaica College,,1.90mX,6
High Jump ,Boys,3,Field Event,Jumps,,Donovan Simpson Brown,26,3,Jamaica College,,1.75mX,6
High Jump ,Boys,3,Field Event,Jumps,,Jeshawn Thomas,26,5,Jamaica College,,1.70mX,4
High Jump ,Boys,1,Field Event,Jumps,,Tejahni Haynes,26,2,Kingston College,,2.05mX,7
High Jump ,Boys,1,Field Event,Jumps,,Michael Neil,26,3,Kingston College,,2.05mX,6
High Jump ,Boys,2,Field Event,Jumps,,Stesean Hurd,26,2,Kingston College,,1.95mX,7
High Jump ,Boys,2,Field Event,Jumps,,Daquan Dawkins,26,5,Kingston College,,1.90mX,4
High Jump ,Boys,3,Field Event,Jumps,,Jayden Bailey,26,1,Kingston College,,1.78mX,9
High Jump ,Boys,3,Field Event,Jumps,,Joel Patrickson,26,2,Kingston College,,1.78mX,7
High Jump ,Boys,2,Field Event,Jumps,,Akeem Freeman,26,13,Manchester High School,,1.80mX,0
High Jump ,Girls,2,Field Event,Jumps,,Shantay Morris,26,10,Manchester High School,,1.60mX,0
High Jump ,Girls,4,Field Event,Jumps,,Rihanna Henry,26,4,Manchester High School,,1.50mX,4.5
High Jump ,Girls,4,Field Event,Jumps,,Riccae Wright,26,13,Manchester High School,,1.35mX,0
High Jump ,Girls,1,Field Event,Jumps,,Collandra Watt,26,13,Marymount High School,,1.40mX,0
High Jump ,Girls,1,Field Event,Jumps,,Tatanya Anglin,26,2,Merl Grove High School,,1.65mX,7
High Jump ,Girls,4,Field Event,Jumps,,Tiana Mcdonald,26,7,Merl Grove High School,,1.45mX,1.5
High Jump ,Girls,2,Field Event,Jumps,,Malia Housen,26,2,Mount Alvernia High School,,1.73mX,7
High Jump ,Boys,1,Field Event,Jumps,,Ainsworth Ferguson,26,10,Munro College,,1.90mX,0
High Jump ,Girls,1,Field Event,Jumps,,Akira Graham,26,9,St. Andrew High School for Girls,,1.55mX,0
High Jump ,Girls,3,Field Event,Jumps,,Jaan Davis,26,10,St. Andrew High School for Girls,,1.55mX,0
High Jump ,Girls,3,Field Event,Jumps,,Isabella Bennett,26,11,St. Andrew High School for Girls,,1.50mX,0
High Jump ,Boys,3,Field Event,Jumps,,Rocquan Campbell,26,6,St. Andrew Technical High School,,1.70mX,3
High Jump ,Boys,3,Field Event,Jumps,,Dantuan Goode,26,4,St. Catherine High School,,1.75mX,5
High Jump ,Girls,1,Field Event,Jumps,,Kishauna Francis,26,5,St. Catherine High School,,1.55mX,2.5
High Jump ,Girls,2,Field Event,Jumps,,Gabrilla Treasure,26,5,St. Catherine High School,,1.65mX,4
High Jump ,Girls,2,Field Event,Jumps,,Brihana Mccalla,26,12,St. Catherine High School,,1.55mX,0
High Jump ,Boys,1,Field Event,Jumps,,Santino Distin,26,1,St. Elizabeth Technical High School,,2.05mX,9
High Jump ,Boys,3,Field Event,Jumps,,Victor Lewis,26,12,St. Elizabeth Technical High School,,1.55mX,0
High Jump ,Boys,1,Field Event,Jumps,,Jayden Hylton,26,8,St. Jago High School,,1.90mX,0.5
High Jump ,Boys,2,Field Event,Jumps,,Nikaro Johnson,26,1,St. Jago High School,,2.03mX,9
High Jump ,Boys,2,Field Event,Jumps,,Cajay Burnett,26,8,St. Jago High School,,1.85mX,0.33
High Jump ,Girls,3,Field Event,Jumps,,Brianna Stewart,26,4,St. Jago High School,,1.65mX,5
High Jump ,Girls,4,Field Event,Jumps,,Kellyann Collins,26,10,St. Jago High School,,1.40mX,0
High Jump ,Boys,2,Field Event,Jumps,,Desjuan Lewis,26,12,St. Mary High School,,1.80mX,0
High Jump ,Boys,2,Field Event,Jumps,,Markodeen Moore,26,14,St. Mary High School,,1.75mX,0
High Jump ,Girls,2,Field Event,Jumps,,Sackoya Palmer,26,3,St. Mary High School,,1.70mX,6
High Jump ,Girls,4,Field Event,Jumps,,Jori-Ann Mcleod,26,7,St. Mary High School,,1.45mX,1.5
High Jump ,Boys,1,Field Event,Jumps,,Rajae Williams,26,5,Titchfield High School,,2.00mX,4
High Jump ,Boys,1,Field Event,Jumps,,Kijaun Williams,26,12,Titchfield High School,,1.90mX,0
High Jump ,Girls,1,Field Event,Jumps,,Ameila Montaque,26,5,Vere Technical High School,,1.55mX,2.5
High Jump ,Girls,1,Field Event,Jumps,,Kijonna Lee,26,11,Vere Technical High School,,1.55mX,0
High Jump ,Girls,2,Field Event,Jumps,,Nastascia Collins,26,11,Vere Technical High School,,1.60mX,0
High Jump ,Girls,4,Field Event,Jumps,,Jahmara Osbourne,26,2,Vere Technical High School,,1.55mX,7
High Jump ,Boys,1,Field Event,Jumps,,Kabiki Thomas,26,4,Wolmer's Boys School,,2.00mX,5
High Jump ,Boys,2,Field Event,Jumps,,Marques Yeard,26,11,Wolmer's Boys School,,1.85mX,0
High Jump ,Girls,2,Field Event,Jumps,,Kariecia Morrison,26,4,Wolmer's Trust High School For Girls,,1.70mX,5
High Jump ,Girls,2,Field Event,Jumps,,Ashley Kentish,26,8,Wolmer's Trust High School For Girls,,1.65mX,1
High Jump ,Girls,4,Field Event,Jumps,,Shanate Williams,26,6,Wolmer's Trust High School For Girls,,1.50mX,3
Javelin Throw ,Boys,Open,Field Event,Throws,,Anzain Walker,26,6,Calabar High School,,47.32mX,3
Javelin Throw ,Boys,Open,Field Event,Throws,,Tarique Daley,26,10,Calabar High School,,41.81mX,0
Javelin Throw ,Girls,Open,Field Event,Throws,,Rihanna Lewis,26,5,Camperdown High School,,33.32mX,4
Javelin Throw ,Girls,Open,Field Event,Throws,,Amoya Fenton,26,7,Camperdown High School,,30.85mX,2
Javelin Throw ,Boys,Open,Field Event,Throws,,Junior Wright,26,8,Cornwall College,,46.90mX,1
Javelin Throw ,Girls,Open,Field Event,Throws,,Angel Robinson,26,3,Edwin Allen High School,,43.67mX,6
Javelin Throw ,Girls,Open,Field Event,Throws,,Dionjah Shaw,26,10,Edwin Allen High School,,28.36mX,0
Javelin Throw ,Boys,Open,Field Event,Throws,,Addison James,26,1,Edwin Allen High School,,70.30mX,9
Javelin Throw ,Girls,Open,Field Event,Throws,,Tamar Austin,26,6,Excelsior High School,,32.69mX,3
Javelin Throw ,Girls,Open,Field Event,Throws,,Paulandra James,26,11,Godfrey Stewart High School,,26.66mX,0
Javelin Throw ,Girls,Open,Field Event,Throws,,Shamanda Wilmot,26,4,Holmwood Technical High School,,43.15mX,5
Javelin Throw ,Girls,Open,Field Event,Throws,,Zoelle Jamel,26,1,Immaculate Conception High School,,45.09mX,9
Javelin Throw ,Girls,Open,Field Event,Throws,,Dacia Mcdonald,26,8,Immaculate Conception High School,,28.73mX,1
Javelin Throw ,Boys,Open,Field Event,Throws,,Camron Williams,26,3,Jamaica College,,50.66mX,6
Javelin Throw ,Boys,Open,Field Event,Throws,,Kimari Smith,26,2,Kingston College,,54.25mX,7
Javelin Throw ,Boys,Open,Field Event,Throws,,Samuel Brown,26,5,Kingston College,,47.36mX,4
Javelin Throw ,Boys,Open,Field Event,Throws,,Jadan Edwards,26,9,Kingston Technical High School,,44.53mX,0
Javelin Throw ,Boys,Open,Field Event,Throws,,Alex Benjamin,26,4,Port Antonio High School,,48.84mX,5
Javelin Throw ,Boys,Open,Field Event,Throws,,Jaheem Fisher,26,7,St. Catherine High School,,47.12mX,2
Javelin Throw ,Boys,Open,Field Event,Throws,,Rojeve Graham,26,11,St. George's College,,40.26mX,0
Javelin Throw ,Girls,Open,Field Event,Throws,,Rihanna Anderson,26,9,St. Jago High School,,28.37mX,0
Javelin Throw ,Girls,Open,Field Event,Throws,,Kris-Ann-Tai Byfield,26,--,St. Jago High School,,FOULX,0
Javelin Throw ,Girls,Open,Field Event,Throws,,Ramona Freemantle,26,2,Vere Technical High School,,45.09mX,7
Javelin Throw ,Boys,Open,Field Event,Throws,,Devaune Freemantle,26,12,Vere Technical High School,,37.47mX,0
Long Jump ,Boys,1,Field Event,Jumps,,Shevaughn Pryce,26,5,Calabar High School,,6.90mX,4
Long Jump ,Boys,2,Field Event,Jumps,,Talshawn Edwards,26,2,Calabar High School,,7.02mX,7
Long Jump ,Boys,2,Field Event,Jumps,,Shamar Shaw,26,5,Calabar High School,,6.64mX,4
Long Jump ,Boys,3,Field Event,Jumps,,Imaney Samuels,26,8,Calabar High School,,5.49mX,1
Long Jump ,Girls,2,Field Event,Jumps,,Cashante Samuels,26,7,Camperdown High School,,5.16mX,2
Long Jump ,Boys,3,Field Event,Jumps,,Duejon-I Dacosta,26,9,Camperdown High School,,5.34mX,0
Long Jump ,Girls,2,Field Event,Jumps,,Stefvanco Henry,26,3,Campion College,,5.59mX,6
Long Jump ,Boys,3,Field Event,Jumps,,Omarion Chantiloupe,26,4,Clarendon College,,5.85mX,5
Long Jump ,Girls,2,Field Event,Jumps,,Rajana Price,26,2,Convent of Mercy Academy (ALPHA),,5.61mX,7
Long Jump ,Girls,3,Field Event,Jumps,,Seana Wilson,26,7,Convent of Mercy Academy (ALPHA),,5.11mX,2
Long Jump ,Boys,2,Field Event,Jumps,,Zhi-Hew Whitter,26,4,Cornwall College,,6.79mX,5
Long Jump ,Boys,2,Field Event,Jumps,,Andrew Reid,26,10,Cornwall College,,6.03mX,0
Long Jump ,Girls,3,Field Event,Jumps,,Joey Livine,26,6,Dinthill Technical High School,,5.19mX,3
Long Jump ,Girls,2,Field Event,Jumps,,Karee Tape,26,10,Edwin Allen High School,,5.02mX,0
Long Jump ,Girls,1,Field Event,Jumps,,Akaylea Brown,26,1,Edwin Allen High School,,5.73mX,9
Long Jump ,Girls,1,Field Event,Jumps,,Renecia Edwards,26,4,Edwin Allen High School,,5.49mX,5
Long Jump ,Girls,3,Field Event,Jumps,,Dashanelle Clarke,26,1,Edwin Allen High School,,5.50mX,9
Long Jump ,Girls,3,Field Event,Jumps,,Kemoya Campbell,26,2,Edwin Allen High School,,5.49mX,7
Long Jump ,Girls,4,Field Event,Jumps,,Leantrae Williams,26,4,Edwin Allen High School,,5.10mX,5
Long Jump ,Boys,2,Field Event,Jumps,,Kevin Mitchell,26,9,Excelsior High School,,6.06mX,0
Long Jump ,Boys,3,Field Event,Jumps,,Tyshan Thompson,26,12,Excelsior High School,,5.04mX,0
Long Jump ,Girls,2,Field Event,Jumps,,Tiyana Peart,26,12,Holmwood Technical High School,,4.79mX,0
Long Jump ,Girls,1,Field Event,Jumps,,Mikayla Longmore,26,7,Holmwood Technical High School,,5.18mX,2
Long Jump ,Girls,3,Field Event,Jumps,,Ashley Dyke,26,5,Holmwood Technical High School,,5.26mX,4
Long Jump ,Girls,4,Field Event,Jumps,,Jahara Thomas,26,9,Holmwood Technical High School,,4.66mX,0
Long Jump ,Girls,2,Field Event,Jumps,,Zavien Bernard,26,1,Hydel High School,,5.75mX,9
Long Jump ,Girls,1,Field Event,Jumps,,Sabrina Atkinson,26,2,Hydel High School,,5.59mX,7
Long Jump ,Girls,1,Field Event,Jumps,,Jenice Dunkley,26,3,Hydel High School,,5.53mX,6
Long Jump ,Girls,3,Field Event,Jumps,,Daina Black,26,8,Hydel High School,,5.05mX,1
Long Jump ,Girls,4,Field Event,Jumps,,Reneka Reid,26,6,Hydel High School,,4.94mX,3
Long Jump ,Girls,4,Field Event,Jumps,,Niandra Todd,26,11,Hydel High School,,4.42mX,0
Long Jump ,Girls,2,Field Event,Jumps,,Ashley Barrett,26,4,Immaculate Conception High School,,5.43mX,5
Long Jump ,Girls,1,Field Event,Jumps,,Jaeda Robinson,26,--,Immaculate Conception High School,,DNSX,0
Long Jump ,Girls,3,Field Event,Jumps,,Aaja Brown,26,4,Immaculate Conception High School,,5.28mX,5
Long Jump ,Girls,4,Field Event,Jumps,,Sukhuri-Shay Smith,26,2,Immaculate Conception High School,,5.29mX,7
Long Jump ,Girls,4,Field Event,Jumps,,Taniqua Brown,26,7,Immaculate Conception High School,,4.76mX,2
Long Jump ,Boys,1,Field Event,Jumps,,Michael-Andre Edwards,26,1,Jamaica College,,7.71mX,9
Long Jump ,Boys,1,Field Event,Jumps,,Jaivar Cato,26,2,Jamaica College,,7.21mX,7
Long Jump ,Boys,2,Field Event,Jumps,,Nicotroy Green,26,7,Jamaica College,,6.43mX,2
Long Jump ,Boys,3,Field Event,Jumps,,Nathan-Neil Heirs,26,1,Jamaica College,,6.37mX,9
Long Jump ,Boys,3,Field Event,Jumps,,Antwane Miller,26,6,Jamaica College,,5.64mX,3
Long Jump ,Boys,1,Field Event,Jumps,,Amani Phillips,26,--,Kingston College,,FOULX,0
Long Jump ,Boys,2,Field Event,Jumps,,Odane Noble,26,1,Kingston College,,7.18mX,9
Long Jump ,Boys,3,Field Event,Jumps,,Joel Patrickson,26,2,Kingston College,,6.11mX,7
Long Jump ,Boys,3,Field Event,Jumps,,Demarkus Vassell,26,11,Kingston College,,5.08mX,0
Long Jump ,Boys,2,Field Event,Jumps,,Akeem Freeman,26,11,Manchester High School,,5.99mX,0
Long Jump ,Girls,1,Field Event,Jumps,,Tatanya Anglin,26,9,Merl Grove High School,,5.09mX,0
Long Jump ,Girls,3,Field Event,Jumps,,Ebony Glenn,26,10,Merl Grove High School,,4.96mX,0
Long Jump ,Girls,4,Field Event,Jumps,,Tiana Mcdonald,26,--,Merl Grove High School,,DNSX,0
Long Jump ,Girls,2,Field Event,Jumps,,Malia Housen,26,6,Mount Alvernia High School,,5.23mX,3
Long Jump ,Boys,1,Field Event,Jumps,,Svein Lawrence,26,10,Petersfield High School,,6.28mX,0
Long Jump ,Boys,1,Field Event,Jumps,,Tyrece Mickiel,26,11,Port Antonio High School,,6.20mX,0
Long Jump ,Girls,2,Field Event,Jumps,,Danielle Locke,26,5,St. Andrew High School for Girls,,5.30mX,4
Long Jump ,Girls,3,Field Event,Jumps,,Jowana Pennant,26,3,St. Andrew High School for Girls,,5.36mX,6
Long Jump ,Girls,4,Field Event,Jumps,,Gabriella Fletcher,26,3,St. Andrew High School for Girls,,5.10mX,6
Long Jump ,Girls,1,Field Event,Jumps,,Rihanna Chambers,26,8,St. Catherine High School,,5.11mX,1
Long Jump ,Boys,1,Field Event,Jumps,,Santino Distin,26,7,St. Elizabeth Technical High School,,6.78mX,2
Long Jump ,Boys,1,Field Event,Jumps,,Rodeeki Walters,26,8,St. Elizabeth Technical High School,,6.63mX,1
Long Jump ,Boys,2,Field Event,Jumps,,Shavoy Stewart,26,8,St. Elizabeth Technical High School,,6.36mX,1
Long Jump ,Boys,3,Field Event,Jumps,,Victor Lewis,26,5,St. Elizabeth Technical High School,,5.70mX,4
Long Jump ,Girls,4,Field Event,Jumps,,Anastacia Richards,26,1,St. Elizabeth Technical High School,,5.46mX,9
Long Jump ,Girls,1,Field Event,Jumps,,Brianna Carr,26,11,St. Hugh's High for Girls,,4.53mX,0
Long Jump ,Boys,1,Field Event,Jumps,,Kemar James,26,6,St. Jago High School,,6.90mX,3
Long Jump ,Boys,1,Field Event,Jumps,,Beando Reid,26,9,St. Jago High School,,6.50mX,0
Long Jump ,Girls,2,Field Event,Jumps,,Alexia Williams,26,11,St. Jago High School,,4.82mX,0
Long Jump ,Boys,2,Field Event,Jumps,,Winaldo Faulknor,26,3,St. Jago High School,,6.79mX,6
Long Jump ,Boys,2,Field Event,Jumps,,Leonardo Green,26,6,St. Jago High School,,6.61mX,3
Long Jump ,Girls,1,Field Event,Jumps,,Bryana Davidson,26,10,St. Jago High School,,4.94mX,0
Long Jump ,Girls,3,Field Event,Jumps,,Deandra Fitten,26,9,St. Jago High School,,5.04mX,0
Long Jump ,Girls,3,Field Event,Jumps,,Tianna Orrett,26,11,St. Mary High School,,4.88mX,0
Long Jump ,Boys,1,Field Event,Jumps,,Ajarie Bloomfield,26,3,Titchfield High School,,7.16mX,6
Long Jump ,Boys,3,Field Event,Jumps,,Romario Franklyn,26,3,Titchfield High School,,5.99mX,6
Long Jump ,Girls,2,Field Event,Jumps,,Xiah Tobias,26,8,Vere Technical High School,,5.15mX,1
Long Jump ,Girls,2,Field Event,Jumps,,Jenoya Mesquito,26,9,Vere Technical High School,,5.04mX,0
Long Jump ,Girls,1,Field Event,Jumps,,Brianna Sawyers-Cross,26,5,Vere Technical High School,,5.23mX,4
Long Jump ,Girls,4,Field Event,Jumps,,Brianna Livermore,26,10,Vere Technical High School,,4.65mX,0
Long Jump ,Boys,1,Field Event,Jumps,,Roshane Francis,26,4,Wolmer's Boys School,,7.06mX,5
Long Jump ,Boys,2,Field Event,Jumps,,Omari Gordon,26,--,Wolmer's Boys School,,FOULX,0
Long Jump ,Boys,3,Field Event,Jumps,,Justin Page,26,7,Wolmer's Boys School,,5.58mX,2
Long Jump ,Boys,3,Field Event,Jumps,,Shadar Ricketts,26,10,Wolmer's Boys School,,5.22mX,0
Long Jump ,Girls,1,Field Event,Jumps,,Janielle Lowe,26,6,Wolmer's Trust High School For Girls,,5.22mX,3
Long Jump ,Girls,3,Field Event,Jumps,,Odainna Creary,26,--,Wolmer's Trust High School For Girls,,FOULX,0
Long Jump ,Girls,4,Field Event,Jumps,,De-Asia Segree,26,5,Wolmer's Trust High School For Girls,,5.04mX,4
Long Jump ,Girls,4,Field Event,Jumps,,Demeisha Graham,26,8,Wolmer's Trust High School For Girls,,4.72mX,1
Pole Vault ,Boys,Open,Field Event,Jumps,,Andrus Molloy,26,9,Calabar High School,,3.20mX,0
Pole Vault ,Boys,Open,Field Event,Jumps,,Omari Stewart,26,10,Calabar High School,,3.20mX,0
Pole Vault ,Boys,Open,Field Event,Jumps,,Kevaun Grant,26,7,Excelsior High School,,3.40mX,2
Pole Vault ,Boys,Open,Field Event,Jumps,,Bryson Maitland,26,--,Excelsior High School,,NHX,0
Pole Vault ,Boys,Open,Field Event,Jumps,,Daniel Facey,26,4,Jamaica College,,3.70mX,5
Pole Vault ,Boys,Open,Field Event,Jumps,,Mikail Mckenzie,26,6,Jamaica College,,3.50mX,3
Pole Vault ,Boys,Open,Field Event,Jumps,,Jurel Clement,26,3,Kingston College,,3.70mX,6
Pole Vault ,Boys,Open,Field Event,Jumps,,Errol Henry,26,8,Kingston College,,3.20mX,1
Pole Vault ,Boys,Open,Field Event,Jumps,,Al'J Lewis,26,2,St. Elizabeth Technical High School,,3.70mX,7
Pole Vault ,Boys,Open,Field Event,Jumps,,Tray Barrett,26,1,St. Jago High School,,3.90mX,9
Pole Vault ,Boys,Open,Field Event,Jumps,,Anthony Dane Cooke,26,5,Wolmer's Boys School,,3.60mX,4
Pole Vault ,Boys,Open,Field Event,Jumps,,Ryheim Howard,26,--,Wolmer's Boys School,,NHX,0
Shot Put ,Boys,1,Field Event,Throws,,Kamari Kennedy,26,2,Calabar High School,,18.16mX,7
Shot Put ,Boys,1,Field Event,Throws,,Khaleel Henry,26,4,Calabar High School,,17.14mX,5
Shot Put ,Boys,2,Field Event,Throws,,Kidane Linton,26,2,Calabar High School,,15.58mX,7
Shot Put ,Boys,2,Field Event,Throws,,Mark-Anthony Earlington,26,9,Calabar High School,,13.66mX,0
Shot Put ,Girls,2,Field Event,Throws,,Jamelia Young,26,1,Clarendon College,,14.71mX,9
Shot Put ,Boys,1,Field Event,Throws,,Lawayne Blackwood,26,7,Clarendon College,,16.38mX,2
Shot Put ,Girls,1,Field Event,Throws,,Marla-Kay Lampart,26,1,Clarendon College,,14.07mX,9
Shot Put ,Girls,1,Field Event,Throws,,Saje Cruickshank,26,5,Convent of Mercy Academy (ALPHA),,12.44mX,4
Shot Put ,Boys,2,Field Event,Throws,,Junior Wright,26,10,Cornwall College,,13.36mX,0
Shot Put ,Girls,2,Field Event,Throws,,Shandre Brown,26,6,Edwin Allen High School,,13.07mX,3
Shot Put ,Girls,2,Field Event,Throws,,Fabiana Perry,26,--,Edwin Allen High School,,FOULX,0
Shot Put ,Boys,1,Field Event,Throws,,Clinton Baker,26,11,Edwin Allen High School,,14.80mX,0
Shot Put ,Girls,1,Field Event,Throws,,Dionjah Shaw,26,6,Edwin Allen High School,,12.39mX,3
Shot Put ,Girls,2,Field Event,Throws,,Alyssa Forrester,26,3,Excelsior High School,,14.22mX,6
Shot Put ,Girls,1,Field Event,Throws,,Katie Gordon,26,2,Excelsior High School,,12.75mX,7
Shot Put ,Girls,1,Field Event,Throws,,Kayla Honeywell,26,11,Excelsior High School,,11.34mX,0
Shot Put ,Girls,2,Field Event,Throws,,Paulandra James,26,7,Godfrey Stewart High School,,12.98mX,2
Shot Put ,Boys,2,Field Event,Throws,,Xavier Tracey,26,7,Happy Grove High School,,14.46mX,2
Shot Put ,Girls,2,Field Event,Throws,,Shamanda Wilmot,26,2,Holmwood Technical High School,,14.39mX,7
Shot Put ,Girls,2,Field Event,Throws,,Brandane Malcom,26,5,Hydel High School,,13.70mX,4
Shot Put ,Girls,2,Field Event,Throws,,Jamie-Lee Tulloch,26,4,Immaculate Conception High School,,13.93mX,5
Shot Put ,Girls,2,Field Event,Throws,,Remesha Dixon,26,8,Immaculate Conception High School,,12.72mX,1
Shot Put ,Girls,1,Field Event,Throws,,Jada Francis,26,4,Immaculate Conception High School,,12.44mX,5
Shot Put ,Boys,1,Field Event,Throws,,Denzel Phillips,26,6,Jamaica College,,16.55mX,3
Shot Put ,Boys,1,Field Event,Throws,,Xhaevion Kelly,26,8,Jamaica College,,15.93mX,1
Shot Put ,Boys,2,Field Event,Throws,,Jaafari Shaw,26,3,Jamaica College,,15.55mX,6
Shot Put ,Boys,2,Field Event,Throws,,Nasir D'Aguilar,26,4,Jamaica College,,15.25mX,5
Shot Put ,Boys,1,Field Event,Throws,,Nkosana Johnson,26,3,Kingston College,,17.62mX,6
Shot Put ,Boys,1,Field Event,Throws,,Kahjay Lawes,26,5,Kingston College,,16.72mX,4
Shot Put ,Boys,2,Field Event,Throws,,Saniyon Mcleod,26,8,Kingston College,,14.21mX,1
Shot Put ,Girls,1,Field Event,Throws,,Abigail Bennett,26,8,Merl Grove High School,,12.02mX,1
Shot Put ,Boys,1,Field Event,Throws,,Javontae Smith,26,1,Munro College,,18.44mX,9
Shot Put ,Boys,2,Field Event,Throws,,Brandon Lawrence,26,1,Munro College,,18.40mX,9
Shot Put ,Boys,2,Field Event,Throws,,Ashan Haffenden,26,5,Munro College,,14.99mX,4
Shot Put ,Boys,2,Field Event,Throws,,Kevron Grant,26,11,Papine High School,,11.20mX,0
Shot Put ,Boys,1,Field Event,Throws,,Andre Samuda,26,9,St. Andrew Technical High School,,15.89mX,0
Shot Put ,Girls,2,Field Event,Throws,,Davieka Lewis,26,9,St. Elizabeth Technical High School,,11.78mX,0
Shot Put ,Boys,2,Field Event,Throws,,Daviere Buchanan,26,--,St. Elizabeth Technical High School,,FOULX,0
Shot Put ,Boys,2,Field Event,Throws,,Jhaidon-Mickai Williams,26,6,St. Jago High School,,14.90mX,3
Shot Put ,Girls,1,Field Event,Throws,,Rehanna Biggs,26,10,St. Jago High School,,11.54mX,0
Shot Put ,Girls,1,Field Event,Throws,,Jessica Thompson,26,12,St. Jago High School,,10.52mX,0
Shot Put ,Boys,1,Field Event,Throws,,Dwight Fraser,26,10,Sydney Pagon Academy,,14.99mX,0
Shot Put ,Girls,2,Field Event,Throws,,Ninka Comrie,26,10,Vere Technical High School,,11.54mX,0
Shot Put ,Girls,2,Field Event,Throws,,Swaicey-Ann Black,26,11,Vere Technical High School,,11.33mX,0
Shot Put ,Boys,1,Field Event,Throws,,Christopher Orridge,26,12,Vere Technical High School,,13.67mX,0
Shot Put ,Girls,1,Field Event,Throws,,Gabriel Merchant,26,3,Vere Technical High School,,12.59mX,6
Shot Put ,Girls,1,Field Event,Throws,,Bethany Thomas,26,7,Wolmer's Trust High School For Girls,,12.13mX,2
Shot Put ,Girls,1,Field Event,Throws,,Tianna Brown,26,9,Wolmer's Trust High School For Girls,,11.77mX,0
Triple Jump ,Boys,1,Field Event,Jumps,,Antonio Anderson,26,3,Calabar High School,,15.21mX,6
Triple Jump ,Boys,1,Field Event,Jumps,,Kaleel Samuels,26,6,Calabar High School,,15.12mX,3
Triple Jump ,Boys,2,Field Event,Jumps,,Talshawn Edwards,26,1,Calabar High School,,14.54mX,9
Triple Jump ,Boys,2,Field Event,Jumps,,Omari Stewart,26,9,Calabar High School,,13.39mX,0
Triple Jump ,Girls,Open,Field Event,Jumps,,Akaylea Brown,26,3,Edwin Allen High School,,12.17mX,6
Triple Jump ,Girls,Open,Field Event,Jumps,,Dashanelle Clarke,26,5,Edwin Allen High School,,11.89mX,4
Triple Jump ,Boys,1,Field Event,Jumps,,Khi-Anthony Hall,26,10,Excelsior High School,,14.36mX,0
Triple Jump ,Girls,Open,Field Event,Jumps,,Shauntai Pryce,26,12,Excelsior High School,,11.14mX,0
Triple Jump ,Boys,2,Field Event,Jumps,,Dandre Mckenzie,26,7,Happy Grove High School,,13.54mX,2
Triple Jump ,Girls,Open,Field Event,Jumps,,Mikayla Longmore,26,4,Holmwood Technical High School,,12.15mX,5
Triple Jump ,Girls,Open,Field Event,Jumps,,Jannessa Allen,26,10,Holmwood Technical High School,,11.32mX,0
Triple Jump ,Girls,Open,Field Event,Jumps,,Zavien Bernard,26,1,Hydel High School,,12.65mX,9
Triple Jump ,Girls,Open,Field Event,Jumps,,Sabrina Atkinson,26,2,Hydel High School,,12.43mX,7
Triple Jump ,Girls,Open,Field Event,Jumps,,Ashley Barrett,26,7,Immaculate Conception High School,,11.77mX,2
Triple Jump ,Girls,Open,Field Event,Jumps,,Jaeda Robinson,26,8,Immaculate Conception High School,,11.63mX,1
Triple Jump ,Boys,1,Field Event,Jumps,,Michael-Andre Edwards,26,1,Jamaica College,,16.25mX,9
Triple Jump ,Boys,1,Field Event,Jumps,,Jaivar Cato,26,5,Jamaica College,,15.15mX,4
Triple Jump ,Boys,2,Field Event,Jumps,,Omeco Henclewood,26,8,Jamaica College,,13.44mX,1
Triple Jump ,Boys,2,Field Event,Jumps,,Nicotroy Green,26,12,Jamaica College,,12.24mX,0
Triple Jump ,Boys,1,Field Event,Jumps,,Amani Phillips,26,2,Kingston College,,15.34mX,7
Triple Jump ,Boys,1,Field Event,Jumps,,Rekelme Hunter,26,4,Kingston College,,15.15mX,5
Triple Jump ,Boys,2,Field Event,Jumps,,Joshua Patrick,26,2,Kingston College,,14.34mX,7
Triple Jump ,Boys,2,Field Event,Jumps,,Demario Clarke,26,3,Kingston College,,14.33mX,6
Triple Jump ,Boys,2,Field Event,Jumps,,Akeem Freeman,26,11,Manchester High School,,12.42mX,0
Triple Jump ,Girls,Open,Field Event,Jumps,,Tatanya Anglin,26,13,Merl Grove High School,,11.12mX,0
Triple Jump ,Boys,2,Field Event,Jumps,,Demar Johnson,26,10,Munro College,,13.05mX,0
Triple Jump ,Girls,Open,Field Event,Jumps,,Aeisha Balli,26,--,St. Andrew High School for Girls,,FOULX,0
Triple Jump ,Girls,Open,Field Event,Jumps,,Tshani Armstrong,26,9,St. Catherine High School,,11.37mX,0
Triple Jump ,Girls,Open,Field Event,Jumps,,Rihanna Johnson,26,--,St. Elizabeth Technical High School,,FOULX,0
Triple Jump ,Boys,1,Field Event,Jumps,,Kemar James,26,11,St. Jago High School,,14.23mX,0
Triple Jump ,Girls,Open,Field Event,Jumps,,Alexia Williams,26,6,St. Jago High School,,11.86mX,3
Triple Jump ,Girls,Open,Field Event,Jumps,,Alanna Lee,26,--,St. Jago High School,,FOULX,0
Triple Jump ,Boys,2,Field Event,Jumps,,Winaldo Faulknor,26,4,St. Jago High School,,14.10mX,5
Triple Jump ,Boys,1,Field Event,Jumps,,Ajarie Bloomfield,26,7,Titchfield High School,,14.87mX,2
Triple Jump ,Boys,1,Field Event,Jumps,,Rajae Williams,26,12,Titchfield High School,,14.22mX,0
Triple Jump ,Girls,Open,Field Event,Jumps,,Martina Moxam,26,11,Vere Technical High School,,11.18mX,0
Triple Jump ,Girls,Open,Field Event,Jumps,,Kewana Peterkin,26,--,William Knibb Memorial High School,,FOULX,0
Triple Jump ,Boys,1,Field Event,Jumps,,Kabiki Thomas,26,8,Wolmer's Boys School,,14.76mX,1
Triple Jump ,Boys,1,Field Event,Jumps,,Roshane Francis,26,9,Wolmer's Boys School,,14.40mX,0
Triple Jump ,Boys,2,Field Event,Jumps,,Marques Yeard,26,5,Wolmer's Boys School,,14.08mX,4
Triple Jump ,Boys,2,Field Event,Jumps,,Omari Gordon,26,6,Wolmer's Boys School,,13.70mX,3